nodes,g1h3,g1f3,b1c3,b1a3,h2h3,g2g3,f2f3,e2e3,d2d3,c2c3,b2b3,a2a3,h2h4,g2g4,f2f4,e2e4,d2d4,c2c4,b2b4,a2a4
241,-22,-4,-8,-26,-9,-4,-31,-4,-13,-4,-26,-5,-21,-48,-17,13,4,0,-43,-8
714,-18,19,6,-17,5,8,-35,13,1,16,-5,13,0,-21,-2,13,29,26,-43,4
1594,-30,14,13,-25,0,0,-52,9,-5,13,6,0,-13,-64,-4,32,29,17,-30,0
3099,-39,14,8,-43,-18,9,-43,16,-21,16,-4,0,-30,-65,-10,32,29,35,-52,-21
12072,-39,12,0,-39,-23,0,-61,8,-5,-20,-13,13,-30,-66,-17,52,21,7,-52,-25
30891,-73,22,7,-58,-26,0,-69,10,-17,0,-2,0,-25,-172,-18,33,12,8,-42,-34
48124,-64,12,6,-52,-26,0,-65,12,-8,-5,-6,4,-39,-173,-12,36,13,16,-43,-26
84133,-65,13,2,-66,-22,-4,-66,5,-7,-4,-6,0,-38,-129,-16,38,13,12,-30,-28
130111,-69,14,2,-79,-15,-5,-66,10,-7,-5,-4,-1,-35,-172,-16,35,14,0,-22,-36
217708,-62,15,2,-75,-14,0,-73,8,-2,-9,-13,-13,-39,-125,-19,33,15,-4,-15,-27
333793,-56,12,-1,-69,-16,2,-65,8,-4,-4,-22,-4,-34,-120,-15,32,16,4,-27,-29
513047,-55,13,2,-67,-22,3,-73,14,-10,0,-26,0,-34,-121,-19,31,15,11,-26,-35
715751,-48,19,2,-69,-21,10,-75,14,-8,2,-23,0,-26,-127,-17,38,18,16,-25,-30
1077779,-55,18,5,-74,-14,16,-80,18,-5,11,-14,2,-29,-126,-13,31,22,18,-25,-21
1676089,-65,19,2,-69,-19,16,-69,14,-11,11,-16,-6,-32,-120,-23,31,28,20,-23,-21
2314313,-49,18,0,-72,-14,15,-72,16,-10,13,-17,1,-34,-127,-21,28,23,14,-24,-17
3258476,-48,20,1,-68,-13,13,-67,17,-9,12,-15,2,-33,-120,-23,28,26,15,-24,-14
4510748,-46,28,-1,-67,-11,13,-76,16,-13,15,-11,2,-44,-120,-23,23,30,18,-24,-13
6267909,-48,25,-5,-52,-12,10,-74,19,-9,12,-10,1,-35,-125,-21,32,25,16,-24,-8
8408234,-49,26,-5,-70,-15,11,-70,17,-8,11,-12,2,-33,-121,-20,31,27,18,-28,-5
10247104,-49,23,-2,-70,-15,13,-70,15,-9,7,-12,2,-33,-121,-20,25,25,18,-28,-7
10319673,-49,23,-2,-70,-14,13,-70,15,-9,7,-16,2,-33,-121,-20,25,25,18,-28,-7
10446723,-49,23,-2,-70,-14,13,-70,15,-9,7,-14,2,-33,-121,-20,25,25,18,-28,-7
10558729,-49,23,-2,-70,-14,13,-70,15,-9,7,-14,2,-33,-121,-19,25,25,18,-28,-7
10768973,-49,23,-2,-70,-14,13,-70,15,-9,7,-14,2,-33,-121,-19,25,25,18,-26,-7
10964767,-49,23,-2,-70,-14,13,-70,15,-9,7,-14,2,-36,-121,-19,25,25,18,-26,-7
11086260,-50,23,-2,-70,-14,13,-70,15,-9,7,-14,2,-36,-121,-19,25,25,18,-26,-7
11255154,-50,23,-2,-72,-14,13,-76,15,-9,7,-14,2,-36,-121,-19,25,25,18,-26,-7
11590987,-50,23,-2,-72,-14,13,-80,15,-9,7,-14,2,-36,-121,-19,25,25,18,-26,-7
11672646,-50,23,-2,-72,-14,13,-80,15,-9,7,-14,2,-36,-121,-19,25,25,18,-26,-7
11735006,-50,23,-2,-72,-14,13,-80,15,-9,7,-14,2,-36,-121,-19,27,25,18,-26,-7
11815414,-50,23,-2,-72,-14,13,-80,15,-9,7,-14,2,-36,-121,-19,27,22,18,-26,-7
11836785,-50,22,-2,-72,-14,13,-80,15,-9,7,-14,2,-36,-121,-19,27,22,18,-26,-7
11930010,-50,22,-2,-72,-14,13,-80,15,-9,7,-14,2,-36,-121,-19,27,22,19,-26,-7
11984647,-50,22,-2,-72,-14,13,-80,14,-9,7,-14,2,-36,-121,-19,27,22,19,-26,-7
12116553,-50,22,-2,-72,-14,14,-80,14,-9,7,-14,2,-36,-121,-19,27,22,19,-26,-7
12187544,-50,22,-2,-72,-14,14,-80,14,-9,7,-14,2,-36,-121,-19,27,22,19,-26,-7
12422119,-50,22,-1,-72,-14,14,-80,14,-9,7,-14,-1,-36,-121,-19,27,22,19,-26,-7
12577738,-50,22,-1,-72,-14,14,-80,14,-9,7,-14,-2,-36,-121,-19,27,22,19,-26,-7
12673839,-50,22,-1,-72,-14,14,-80,14,-8,7,-14,-2,-36,-121,-19,27,22,19,-26,-10
12740897,-50,22,-1,-72,-14,14,-80,14,-8,7,-14,-2,-36,-121,-19,27,22,19,-26,-10
12941090,-50,22,-1,-72,-14,14,-80,14,-8,7,-12,-2,-36,-121,-19,27,22,19,-26,-10
13054397,-50,22,-1,-72,-16,14,-80,14,-8,7,-12,-2,-36,-121,-19,27,22,19,-26,-10
13194121,-50,22,-1,-72,-16,14,-80,14,-8,7,-12,-2,-36,-121,-19,27,22,19,-26,-10
13335901,-50,22,-1,-72,-16,14,-80,14,-8,7,-12,-2,-36,-121,-19,27,22,19,-18,-10
13402022,-50,22,-1,-72,-16,14,-80,14,-8,7,-12,-2,-30,-121,-19,27,22,19,-18,-10
13483741,-51,22,-1,-72,-16,14,-80,14,-8,7,-12,-2,-30,-121,-19,27,22,19,-18,-10
13636388,-51,22,-1,-73,-16,14,-80,14,-8,7,-12,-2,-30,-121,-19,27,22,19,-18,-10
13723841,-51,22,-1,-73,-16,14,-74,14,-8,7,-12,-2,-30,-121,-19,27,22,19,-18,-10
13849366,-51,22,-1,-73,-16,14,-74,14,-8,7,-12,-2,-30,-131,-19,27,22,19,-18,-10
13931309,-51,22,-1,-73,-16,14,-74,14,-8,7,-12,-2,-30,-131,-19,29,22,19,-18,-10
13990093,-51,22,-1,-73,-16,14,-74,14,-8,7,-12,-2,-30,-131,-19,29,24,19,-18,-10
14160689,-51,26,-1,-73,-16,14,-74,14,-8,7,-12,-2,-30,-131,-19,29,24,19,-18,-10
14270258,-51,26,-1,-73,-16,14,-74,14,-8,7,-12,-2,-30,-131,-19,29,24,19,-18,-10
14469985,-51,26,-1,-73,-16,14,-74,14,-8,7,-12,-2,-30,-131,-19,29,24,19,-18,-10
14597681,-51,26,-1,-73,-16,10,-74,14,-8,7,-12,-2,-30,-131,-19,29,24,19,-18,-10
14702760,-51,26,-1,-73,-16,10,-74,14,-8,13,-12,-2,-30,-131,-19,29,24,19,-18,-10
15132683,-51,26,9,-73,-16,10,-74,14,-8,13,-12,-2,-30,-131,-19,29,24,19,-18,-10
15225850,-51,26,9,-73,-16,10,-74,14,-8,13,-12,-2,-30,-131,-19,29,24,19,-18,-10
15465158,-51,26,9,-73,-16,10,-74,14,-12,13,-12,-2,-30,-131,-19,29,24,19,-18,-12
15726076,-51,26,9,-73,-9,10,-74,14,-12,13,-12,-2,-30,-131,-19,29,24,19,-18,-10
15824094,-51,26,9,-73,-9,10,-74,14,-12,13,-12,-2,-30,-131,-19,29,24,19,-18,-9
16063014,-51,26,9,-73,-9,10,-74,14,-12,13,-13,-2,-30,-131,-19,29,24,19,-18,-9
16250026,-51,26,9,-73,-9,10,-74,14,-12,13,-13,-2,-30,-131,-19,29,24,19,-15,-9
16440737,-51,26,9,-73,-9,10,-74,14,-12,13,-13,-2,-30,-131,-23,29,24,19,-15,-9
16704112,-51,26,9,-73,-9,10,-74,14,-12,13,-13,-2,-37,-131,-23,29,24,19,-15,-9
16975791,-49,26,9,-73,-9,10,-74,14,-12,13,-13,-2,-37,-131,-23,29,24,19,-15,-9
17291902,-49,26,9,-76,-9,10,-70,14,-12,13,-13,-2,-37,-131,-23,29,24,19,-15,-9
17439940,-49,26,9,-75,-9,10,-70,14,-12,13,-13,-2,-37,-131,-23,29,24,19,-15,-9
17737120,-49,26,9,-75,-9,10,-70,14,-12,13,-13,-2,-37,-138,-23,29,24,19,-15,-9
18222250,-49,26,9,-75,-9,10,-70,14,-12,13,-13,-2,-37,-138,-23,31,24,19,-15,-9
18975434,-49,32,9,-75,-9,10,-70,14,-12,13,-13,-2,-37,-138,-23,31,24,19,-15,-9
18999064,-49,32,9,-75,-9,10,-70,14,-12,13,-13,-2,-37,-138,-23,31,31,19,-15,-9
19072740,-49,32,9,-75,-9,10,-70,14,-12,13,-13,-2,-37,-138,-23,31,31,19,-15,-9
19391352,-49,32,9,-75,-9,10,-70,13,-12,13,-13,-2,-37,-138,-23,31,31,19,-15,-9
19576756,-49,32,9,-75,-9,12,-70,13,-12,13,-13,-2,-37,-138,-23,31,31,19,-15,-9
19882900,-49,32,9,-75,-9,12,-70,13,-12,6,-13,-2,-37,-138,-23,31,31,19,-15,-9
20168695,-49,32,8,-75,-9,12,-70,13,-12,6,-13,-2,-37,-138,-23,31,31,19,-15,-9
20588456,-49,32,8,-75,-9,12,-70,13,-12,6,-13,-5,-37,-138,-23,31,31,19,-15,-9
20820697,-49,32,8,-75,-9,12,-70,13,-12,6,-6,-5,-37,-138,-23,31,31,19,-15,-9
21016312,-49,32,8,-75,-9,12,-70,13,-5,6,-6,-5,-37,-138,-23,31,31,19,-15,-9
21303324,-49,32,8,-75,-9,12,-70,13,-5,6,-6,-5,-37,-138,-23,31,31,19,-15,-9
21516073,-49,32,8,-75,-9,12,-70,13,-5,6,-6,-5,-37,-138,-23,31,31,19,-15,-14
21848495,-49,32,8,-75,-9,12,-70,13,-5,6,-6,-5,-37,-138,-23,31,31,19,-13,-14
21963619,-49,32,8,-75,-9,12,-70,13,-5,6,-6,-5,-37,-138,-21,31,31,19,-13,-14
22557204,-49,32,8,-75,-9,12,-70,13,-5,6,-6,-5,-45,-138,-21,31,31,19,-13,-14
22878976,-56,32,8,-75,-9,12,-70,13,-5,6,-6,-5,-45,-138,-21,31,31,19,-13,-14
23556889,-56,32,8,-77,-9,12,-79,13,-5,6,-6,-5,-45,-138,-21,31,31,19,-13,-14
24063301,-56,32,8,-77,-9,12,-85,13,-5,6,-6,-5,-45,-138,-21,31,31,19,-13,-14
24142109,-56,32,8,-77,-9,12,-85,13,-5,6,-6,-5,-45,-132,-21,31,31,19,-13,-14
24563714,-56,29,8,-77,-9,12,-85,13,-5,6,-6,-5,-45,-132,-21,29,31,19,-13,-14
24982237,-56,32,8,-77,-9,12,-85,13,-5,6,-6,-5,-45,-132,-21,29,32,19,-13,-14
25364664,-56,27,8,-77,-9,12,-85,13,-5,6,-6,-5,-45,-132,-21,29,32,19,-13,-14
25472358,-56,27,8,-77,-9,12,-85,13,-5,6,-6,-5,-45,-132,-21,29,32,17,-13,-14
25642129,-56,27,8,-77,-9,12,-85,14,-5,6,-6,-5,-45,-132,-21,29,32,17,-13,-14
25762684,-56,27,8,-77,-9,13,-85,14,-5,6,-6,-5,-45,-132,-21,29,32,17,-13,-14
26037848,-56,27,8,-77,-9,13,-85,14,-5,6,-6,-5,-45,-132,-21,29,32,17,-13,-14
26205890,-56,27,8,-77,-9,13,-85,14,-5,8,-6,-5,-45,-132,-21,29,32,17,-13,-14
26389357,-56,27,8,-77,-9,13,-85,14,-5,8,-6,-4,-45,-132,-21,29,32,17,-13,-14
27007892,-56,27,8,-77,-9,13,-85,14,-5,8,-5,-4,-45,-132,-21,29,32,17,-13,-14
27099811,-56,27,8,-77,-9,13,-85,14,-5,8,-5,-4,-45,-132,-21,29,32,17,-13,-14
27327238,-56,27,8,-77,-11,13,-85,14,-5,8,-5,-4,-45,-132,-21,29,32,17,-13,-14
27429431,-56,27,8,-77,-11,13,-85,14,-5,8,-5,-4,-45,-132,-21,29,32,17,-14,-14
27730494,-56,27,8,-77,-11,13,-85,14,-5,8,-5,-4,-45,-132,-21,29,32,17,-14,-16
27818432,-56,27,8,-77,-11,13,-85,14,-5,8,-5,-4,-45,-132,-22,29,32,17,-14,-16
28254258,-56,27,8,-77,-11,13,-85,14,-5,8,-5,-4,-42,-132,-22,29,32,17,-14,-16
28651252,-56,27,8,-77,-11,13,-85,14,-5,8,-5,-4,-42,-132,-22,29,32,17,-14,-16
29778757,-56,27,8,-68,-11,13,-85,14,-5,8,-5,-4,-42,-132,-22,29,32,17,-14,-16
30085144,-56,27,8,-68,-11,13,-72,14,-5,8,-5,-4,-42,-132,-22,29,32,17,-14,-16
30608847,-56,27,8,-68,-11,13,-72,14,-5,8,-5,-4,-42,-134,-22,29,32,17,-14,-16
30821156,-56,27,8,-68,-11,13,-72,14,-5,8,-5,-4,-42,-134,-22,29,33,17,-14,-16
31385383,-56,27,8,-68,-11,13,-72,14,-5,8,-5,-4,-42,-134,-22,36,33,17,-14,-16
31560529,-56,29,8,-68,-11,13,-72,14,-5,8,-5,-4,-42,-134,-22,36,33,17,-14,-16
31775666,-56,29,8,-68,-11,13,-72,14,-5,8,-5,-4,-42,-134,-22,36,33,20,-14,-16
32014883,-56,29,8,-68,-11,13,-72,14,-5,8,-5,-4,-42,-134,-22,36,33,20,-14,-16
32157166,-56,29,8,-68,-11,14,-72,14,-5,8,-5,-4,-42,-134,-22,36,33,20,-14,-16
32562389,-56,29,8,-68,-11,14,-72,14,-5,9,-5,-4,-42,-134,-22,36,33,20,-14,-16
33081420,-56,29,8,-68,-11,14,-72,14,-5,9,-5,-4,-42,-134,-22,36,33,20,-14,-16
33398843,-56,29,8,-68,-11,14,-72,14,-5,9,-5,-1,-42,-134,-22,36,33,20,-14,-16
33926973,-56,29,8,-68,-11,14,-72,14,-5,9,-3,-1,-42,-134,-22,36,33,20,-14,-16
34092777,-56,29,8,-68,-11,14,-72,14,-4,9,-3,-1,-42,-134,-22,36,33,20,-14,-16
34374544,-56,29,8,-68,-13,14,-72,14,-4,9,-3,-1,-42,-134,-22,36,33,20,-14,-16
34780039,-56,29,8,-68,-13,14,-72,14,-4,9,-3,-1,-42,-134,-22,36,33,20,-14,-16
35070186,-56,29,8,-68,-13,14,-72,14,-4,9,-3,-1,-42,-134,-22,36,33,20,-14,-9
35228684,-56,29,8,-68,-13,14,-72,14,-4,9,-3,-1,-42,-134,-23,36,33,20,-14,-9
35646490,-56,29,8,-68,-13,14,-72,14,-4,9,-3,-1,-40,-134,-23,36,33,20,-14,-9
36377639,-54,29,8,-68,-13,14,-72,14,-4,9,-3,-1,-40,-134,-23,36,33,20,-14,-9
37116027,-54,29,8,-68,-13,14,-66,14,-4,9,-3,-1,-40,-134,-23,36,33,20,-14,-9
37188859,-54,29,8,-68,-13,14,-66,14,-4,9,-3,-1,-40,-134,-23,36,33,20,-14,-9
37739832,-54,29,8,-68,-13,14,-66,14,-4,9,-3,-1,-40,-130,-23,36,33,20,-14,-9
38970070,-54,29,8,-68,-13,14,-66,14,-4,9,-3,-1,-40,-130,-23,25,29,20,-14,-9
40504133,-54,28,8,-68,-13,14,-66,14,-4,9,-3,-1,-40,-130,-23,36,29,20,-14,-9
42296382,-54,28,8,-68,-13,14,-66,14,-4,9,-3,-1,-40,-130,-23,16,29,19,-14,-9
42527872,-54,28,8,-68,-13,14,-66,14,-4,9,-3,-1,-40,-130,-23,17,29,19,-14,-9
42691176,-54,28,8,-68,-13,14,-66,14,-4,9,-3,-1,-40,-130,-23,17,29,19,-14,-9
42816296,-54,28,8,-68,-13,14,-66,14,-4,9,-3,-1,-40,-130,-23,17,29,19,-14,-9
43284609,-54,28,8,-68,-13,14,-66,14,-4,7,-3,-1,-40,-130,-23,17,29,19,-14,-9
44090952,-54,28,1,-68,-13,14,-66,14,-4,7,-3,-1,-40,-130,-23,17,29,19,-14,-9
44528847,-54,28,1,-68,-13,14,-66,14,-4,7,-2,-1,-40,-130,-23,17,29,19,-14,-9
44938573,-54,28,1,-68,-13,14,-66,14,-5,7,-2,-7,-40,-130,-23,17,29,19,-14,-9
45796585,-54,28,1,-68,-13,14,-66,14,-5,7,-2,-9,-40,-130,-23,17,29,19,-14,-9
46412135,-54,28,1,-68,-14,14,-66,14,-5,7,-2,-9,-40,-130,-23,17,29,19,-14,-9
46920628,-54,28,1,-68,-14,14,-66,14,-5,7,-2,-9,-40,-130,-23,17,29,19,-14,-14
47407099,-54,28,1,-68,-14,14,-66,14,-5,7,-2,-9,-40,-130,-23,17,29,19,-22,-14
48463190,-54,28,1,-68,-14,14,-66,14,-5,7,-2,-9,-40,-130,-23,17,29,19,-22,-14
49688589,-54,28,1,-68,-14,14,-66,14,-5,7,-2,-9,-44,-130,-23,17,29,19,-22,-14
50100137,-56,28,1,-68,-14,14,-66,14,-5,7,-2,-9,-44,-130,-23,17,29,19,-22,-14
50470662,-56,28,1,-68,-14,14,-65,14,-5,7,-2,-9,-44,-130,-23,17,29,19,-22,-14
50876056,-56,28,1,-65,-14,14,-65,14,-5,7,-2,-9,-44,-130,-23,17,29,19,-22,-14
51167405,-56,28,1,-65,-14,14,-65,14,-5,7,-2,-9,-44,-139,-23,17,29,19,-22,-14
51622126,-56,28,1,-65,-14,14,-65,14,-5,7,-2,-9,-44,-139,-23,17,27,19,-22,-14
52550449,-56,23,1,-65,-14,14,-65,14,-5,7,-2,-9,-44,-139,-23,17,27,19,-22,-14
52752599,-56,23,1,-65,-14,14,-65,14,-5,7,-2,-9,-44,-139,-23,17,27,21,-22,-14
52877415,-56,23,1,-65,-14,14,-65,14,-5,7,-2,-9,-44,-139,-23,21,27,21,-22,-14
54151172,-56,23,1,-65,-14,15,-65,14,-5,7,-2,-9,-44,-139,-23,21,27,21,-22,-14
55231507,-56,23,1,-65,-14,15,-65,4,-5,7,-2,-9,-44,-139,-23,21,27,21,-22,-14
55467223,-56,23,1,-65,-14,15,-65,4,-5,4,-2,-9,-44,-139,-23,21,27,21,-22,-14
55698404,-56,23,6,-65,-14,15,-65,4,-5,4,-2,-9,-44,-139,-23,21,27,21,-22,-14
56307900,-56,23,6,-65,-14,15,-65,4,-4,4,-6,-9,-44,-139,-23,21,27,21,-22,-14
57083808,-56,23,6,-65,-14,15,-65,4,-4,4,-3,-9,-44,-139,-23,21,27,21,-22,-14
57393261,-56,23,6,-65,-14,15,-65,4,-4,4,-3,-5,-44,-139,-23,21,27,21,-22,-14
58085705,-56,23,6,-65,-16,15,-65,4,-4,4,-3,-5,-44,-139,-23,21,27,21,-22,-10
58512510,-56,23,6,-65,-16,15,-65,4,-4,4,-3,-5,-44,-139,-23,21,27,21,-22,-10
58923050,-56,23,6,-65,-16,15,-65,4,-4,4,-3,-5,-44,-139,-23,21,27,21,-23,-10
59607411,-56,23,6,-65,-16,15,-65,4,-4,4,-3,-5,-44,-139,-27,21,27,21,-23,-10
59724751,-56,23,6,-65,-16,15,-65,4,-4,4,-3,-5,-39,-139,-27,21,27,21,-23,-10
60124647,-54,23,6,-65,-16,15,-65,4,-4,4,-3,-5,-39,-139,-27,21,27,21,-23,-10
61203732,-54,23,6,-65,-16,15,-69,4,-4,4,-3,-5,-39,-139,-27,21,27,21,-23,-10
62490719,-54,23,6,-72,-16,15,-69,4,-4,4,-3,-5,-39,-139,-27,21,27,21,-23,-10
63475525,-54,23,6,-72,-16,15,-69,4,-4,4,-3,-5,-39,-143,-27,21,27,21,-23,-10
65425570,-54,23,6,-72,-16,15,-69,4,-4,4,-3,-5,-39,-143,-27,21,23,21,-23,-10
65830431,-54,18,6,-72,-16,15,-69,4,-4,4,-3,-5,-39,-143,-27,19,23,21,-23,-10
66691637,-54,16,6,-72,-16,15,-69,4,-4,4,-3,-5,-39,-143,-27,19,23,21,-23,-10
67154883,-54,16,6,-72,-16,15,-69,4,-4,4,-3,-5,-39,-143,-27,19,23,18,-23,-10
67741227,-54,16,6,-72,-16,14,-69,4,-4,4,-3,-5,-39,-143,-27,19,23,18,-23,-10
67876901,-54,16,6,-72,-16,14,-69,4,-4,4,-3,-5,-39,-143,-27,19,23,18,-23,-10
68100703,-54,16,6,-72,-16,14,-69,8,-4,4,-3,-5,-39,-143,-27,19,23,18,-23,-10
68801470,-54,16,6,-72,-16,14,-69,8,-4,8,-3,-5,-39,-143,-27,19,23,18,-23,-10
69952255,-54,16,6,-72,-16,14,-69,8,-4,8,-3,0,-39,-143,-27,19,23,18,-23,-10
70577413,-54,16,6,-72,-16,14,-69,8,-5,8,-6,0,-39,-143,-27,19,23,18,-23,-10
71552919,-54,16,6,-72,-16,14,-69,8,-5,8,-3,0,-39,-143,-27,19,23,18,-23,-7
72693289,-54,16,6,-72,-10,14,-69,8,-5,8,-20,0,-39,-143,-27,19,23,18,-23,-7
72908331,-54,16,6,-72,-10,14,-69,8,-5,8,-16,0,-39,-143,-27,19,23,18,-23,-7
73118758,-54,16,6,-72,-10,14,-69,8,-5,8,-16,0,-39,-143,-27,19,23,18,-23,-7
73837199,-54,16,6,-72,-10,14,-69,8,-5,8,-16,0,-39,-143,-27,19,23,18,-23,-7
75530051,-54,16,6,-72,-10,14,-69,8,-5,8,-16,0,-43,-143,-27,19,23,18,-23,-7
75875044,-55,16,6,-72,-10,14,-69,8,-5,8,-16,0,-43,-143,-27,19,23,18,-23,-7
76577062,-55,16,6,-72,-10,14,-72,8,-5,8,-16,0,-43,-143,-27,19,23,18,-23,-7
77551436,-55,16,6,-64,-10,14,-72,8,-5,8,-16,0,-43,-143,-27,19,23,18,-23,-7
79138690,-55,16,6,-64,-10,14,-72,8,-5,8,-16,0,-43,-135,-27,19,23,18,-23,-7
79837161,-55,16,6,-64,-10,14,-72,8,-5,8,-16,0,-43,-135,-27,19,24,18,-23,-7
80097490,-55,16,6,-64,-10,14,-72,8,-5,8,-16,0,-43,-135,-27,20,24,18,-23,-7
80622956,-55,16,6,-64,-10,14,-72,8,-5,8,-16,0,-43,-135,-27,20,24,18,-23,-7
81016216,-55,17,6,-64,-10,14,-72,8,-5,8,-16,0,-43,-135,-27,20,24,18,-23,-7
81571094,-55,17,6,-64,-10,20,-72,8,-5,8,-16,0,-43,-135,-27,20,24,18,-23,-7
84072328,-55,17,6,-64,-10,20,-72,8,-5,8,-16,0,-43,-135,-27,20,24,18,-23,-7
84383462,-55,17,6,-64,-10,20,-72,8,-5,8,-16,0,-43,-135,-27,20,24,18,-23,-7
85523205,-55,17,9,-64,-10,20,-72,8,-5,8,-16,0,-43,-135,-27,20,24,18,-23,-7
86754474,-55,17,9,-64,-10,20,-72,8,-5,8,-16,-1,-43,-135,-27,20,24,18,-23,-7
87891600,-55,17,9,-64,-10,20,-72,8,-5,8,-16,-1,-43,-135,-27,20,24,18,-23,-7
88716795,-55,17,9,-64,-10,20,-72,8,-5,8,-8,-1,-43,-135,-27,20,24,18,-23,-11
88901744,-55,17,9,-64,-10,20,-72,8,-5,8,-8,-1,-43,-135,-27,20,24,18,-23,-11
90767414,-55,17,9,-64,-10,20,-72,8,-5,8,-8,-1,-43,-135,-27,20,24,18,-23,-10
91788371,-55,17,9,-64,-10,20,-72,8,-5,8,-8,-1,-43,-135,-27,20,24,18,-26,-10
93668311,-55,17,9,-64,-10,20,-72,8,-5,8,-8,-1,-43,-135,-23,20,24,18,-26,-10
95673178,-55,17,9,-64,-10,20,-72,8,-5,8,-8,-1,-41,-135,-23,20,24,18,-26,-10
96147369,-55,17,9,-64,-10,20,-72,8,-5,8,-8,-1,-41,-135,-23,20,24,18,-26,-10
96990529,-55,17,9,-70,-10,20,-72,8,-5,8,-8,-1,-41,-135,-23,20,24,18,-26,-10
98289555,-55,17,9,-70,-10,20,-69,8,-5,8,-8,-1,-41,-135,-23,20,24,18,-26,-10
99706785,-55,17,9,-70,-10,20,-69,8,-5,8,-8,-1,-41,-144,-23,20,24,18,-26,-10
101930722,-55,17,9,-70,-10,20,-69,8,-5,8,-8,-1,-41,-144,-23,20,18,18,-26,-10
102104236,-55,17,9,-70,-10,18,-69,8,-5,8,-8,-1,-41,-144,-23,18,18,18,-26,-10
104371127,-55,17,9,-70,-10,21,-69,8,-5,8,-8,-1,-41,-144,-23,18,18,18,-26,-10
105054882,-55,17,9,-70,-10,21,-69,8,-5,8,-8,-1,-41,-144,-23,18,18,24,-26,-10
105288362,-55,27,9,-70,-10,21,-69,8,-5,8,-8,-1,-41,-144,-23,18,18,24,-26,-10
106485243,-55,27,8,-70,-10,21,-69,8,-5,11,-8,-1,-41,-144,-23,18,18,24,-26,-10
106899952,-55,27,13,-70,-10,21,-69,8,-5,11,-8,-1,-41,-144,-23,18,18,24,-26,-10
107319133,-55,27,13,-70,-10,21,-69,8,-5,11,-8,-1,-41,-144,-23,18,18,24,-26,-10
109503759,-55,27,13,-70,-10,21,-69,8,-4,11,-8,-5,-41,-144,-23,18,18,24,-26,-10
110015656,-55,27,13,-70,-10,21,-69,8,-4,11,-8,1,-41,-144,-23,18,18,24,-26,-10
111592789,-55,27,13,-70,-10,21,-69,8,-4,11,-6,1,-41,-144,-23,18,18,24,-26,-10
112637104,-55,27,13,-70,-13,21,-69,8,-4,11,-6,1,-41,-144,-23,18,18,24,-26,-11
114077986,-55,27,13,-70,-13,21,-69,8,-4,11,-6,1,-41,-144,-23,18,18,24,-26,-11
115142120,-55,27,13,-70,-13,21,-69,8,-4,11,-6,1,-41,-144,-26,18,18,24,-26,-11
115424919,-55,27,13,-70,-13,21,-69,8,-4,11,-6,1,-41,-144,-26,18,18,24,-20,-11
116627026,-55,27,13,-70,-13,21,-69,8,-4,11,-6,1,-38,-144,-26,18,18,24,-20,-11
117837190,-46,27,13,-70,-13,21,-69,8,-4,11,-6,1,-38,-144,-26,18,18,24,-20,-11
119027685,-46,27,13,-60,-13,21,-69,8,-4,11,-6,1,-38,-144,-26,18,18,24,-20,-11
119937845,-46,27,13,-60,-13,21,-74,8,-4,11,-6,1,-38,-144,-26,18,18,24,-20,-11
120551533,-46,27,13,-60,-13,21,-74,8,-4,11,-6,1,-38,-144,-26,18,18,24,-20,-11
121887730,-46,31,13,-60,-13,21,-74,8,-4,11,-6,1,-38,-144,-26,18,18,24,-20,-11
124894414,-46,31,13,-60,-13,21,-74,8,-4,11,-6,1,-38,-144,-26,18,18,21,-20,-11
125351652,-46,31,13,-60,-13,20,-74,8,-4,11,-6,1,-38,-144,-26,18,18,21,-20,-11
125807104,-46,31,13,-60,-13,20,-74,8,-4,11,-6,1,-38,-144,-26,18,22,21,-20,-11
126238080,-46,31,13,-60,-13,20,-74,8,-4,11,-6,1,-38,-144,-26,18,22,21,-20,-11
128217087,-46,31,13,-60,-13,20,-74,8,-4,11,-6,1,-38,-144,-26,18,22,21,-20,-11
128787152,-46,31,13,-60,-13,20,-74,8,-4,9,-6,1,-38,-144,-26,18,22,21,-20,-11
129481952,-46,31,13,-60,-13,20,-74,9,-4,9,-6,1,-38,-144,-26,18,22,21,-20,-11
130603510,-46,31,13,-60,-13,20,-74,9,-4,9,-6,6,-38,-144,-26,18,22,21,-20,-11
131440028,-46,31,13,-60,-13,20,-74,9,-4,9,-6,6,-38,-144,-26,18,22,21,-20,-11
131627111,-46,31,13,-60,-13,20,-74,9,-4,9,-6,6,-38,-144,-26,18,22,21,-20,-11
133307850,-46,31,13,-60,-6,20,-74,9,-4,9,-6,6,-38,-144,-26,18,22,21,-20,-11
133810814,-46,31,13,-60,-6,20,-74,9,-4,9,-6,6,-38,-144,-26,18,22,21,-20,-9
135386233,-46,31,13,-60,-6,20,-74,9,-4,9,-6,6,-38,-144,-26,18,22,21,-24,-9
136637680,-46,31,13,-60,-6,20,-74,9,-4,9,-6,6,-38,-144,-22,18,22,21,-24,-9
137919021,-46,31,13,-60,-6,20,-74,9,-4,9,-6,6,-38,-144,-22,18,22,21,-24,-9
140350852,-49,31,13,-60,-6,20,-74,9,-4,9,-6,6,-38,-144,-22,18,22,21,-24,-9
142360923,-49,31,13,-57,-6,20,-74,9,-4,9,-6,6,-38,-144,-22,18,22,21,-24,-9
144231285,-49,31,13,-57,-6,20,-56,9,-4,9,-6,6,-38,-144,-22,18,22,21,-24,-9
148587355,-49,31,13,-57,-6,20,-56,9,-4,9,-6,6,-38,-139,-22,18,22,21,-24,-9
151171485,-49,34,13,-57,-6,20,-56,9,-4,9,-6,6,-38,-139,-22,18,22,21,-24,-9
155161774,-49,34,13,-57,-6,20,-56,9,-4,9,-6,6,-38,-139,-22,18,32,21,-24,-9
158211090,-49,34,13,-57,-6,20,-56,9,-4,9,-6,6,-38,-139,-22,28,32,21,-24,-9
159182037,-49,34,13,-57,-6,20,-56,9,-4,9,-6,6,-38,-139,-22,28,32,20,-24,-9
160774386,-49,34,13,-57,-6,18,-56,9,-4,9,-6,6,-38,-139,-22,28,32,20,-24,-9
161799910,-49,34,14,-57,-6,18,-56,9,-4,9,-6,6,-38,-139,-22,28,32,20,-24,-9
163938084,-49,34,14,-57,-6,18,-56,14,-4,9,-6,6,-38,-139,-22,28,32,20,-24,-9
164874335,-49,34,14,-57,-6,18,-56,14,-4,12,-6,6,-38,-139,-22,28,32,20,-24,-9
167056003,-49,34,14,-57,-6,18,-56,14,-4,12,-6,6,-38,-139,-22,28,32,20,-24,-9
170270206,-49,34,14,-57,-6,18,-56,14,-2,12,-6,6,-38,-139,-22,28,32,20,-24,-9
171795958,-49,34,14,-57,-6,18,-56,14,-2,12,0,6,-38,-139,-22,28,32,20,-24,-9
173252802,-49,34,14,-57,-10,18,-56,14,-2,12,0,6,-38,-139,-22,28,32,20,-24,-6
175272045,-49,34,14,-57,-11,18,-56,14,-2,12,0,6,-38,-139,-22,28,32,20,-24,-6
177227651,-49,34,14,-57,-11,18,-56,14,-2,12,0,6,-38,-139,-22,28,32,20,-24,-6
178194168,-49,34,14,-57,-11,18,-56,14,-2,12,0,6,-38,-139,-22,28,32,20,-14,-6
178694395,-49,34,14,-57,-11,18,-56,14,-2,12,0,6,-35,-139,-22,28,32,20,-14,-6
180179554,-49,34,14,-57,-11,18,-56,14,-2,12,0,6,-35,-139,-22,28,32,20,-14,-6
182810523,-49,34,14,-72,-11,18,-56,14,-2,12,0,6,-35,-139,-22,28,32,20,-14,-6
183533717,-49,34,14,-72,-11,18,-71,14,-2,12,0,6,-35,-139,-22,28,32,20,-14,-6
187726450,-49,34,14,-72,-11,18,-71,14,-2,12,0,6,-35,-126,-22,28,32,20,-14,-6
190941355,-49,28,14,-72,-11,18,-71,14,-2,12,0,6,-35,-126,-22,28,32,20,-14,-6
193671678,-49,28,14,-72,-11,18,-71,14,-2,12,0,6,-35,-126,-22,28,24,20,-14,-6
194475855,-49,28,14,-72,-11,18,-71,14,-2,12,0,6,-35,-126,-22,26,24,20,-14,-6
195742054,-49,28,14,-72,-11,18,-71,14,-2,12,0,6,-35,-126,-22,26,24,20,-14,-6
198207170,-49,28,14,-72,-11,25,-71,14,-2,12,0,6,-35,-126,-22,26,24,20,-14,-6
202608345,-49,28,14,-72,-11,25,-71,13,-2,12,0,6,-35,-126,-22,26,24,20,-14,-6
207075722,-49,28,14,-72,-11,25,-71,13,-2,11,0,6,-35,-126,-22,26,24,20,-14,-6
208403289,-49,28,6,-72,-11,25,-71,13,-2,11,0,6,-35,-126,-22,26,24,20,-14,-6
209671799,-49,28,6,-72,-11,25,-71,13,-2,11,0,1,-35,-126,-22,26,24,20,-14,-6
212414817,-49,28,6,-72,-11,25,-71,13,-2,11,-1,1,-35,-126,-22,26,24,20,-14,-6
215786907,-49,28,6,-72,-11,25,-71,13,-9,11,-1,1,-35,-126,-22,26,24,20,-14,-6
217060154,-49,28,6,-72,-11,25,-71,13,-9,11,-1,1,-35,-126,-22,26,24,20,-14,-6
220463652,-49,28,6,-72,-11,25,-71,13,-9,11,-1,1,-35,-126,-22,26,24,20,-14,-14
221525611,-49,28,6,-72,-11,25,-71,13,-9,11,-1,1,-35,-126,-22,26,24,20,-14,-14
224419106,-49,28,6,-72,-11,25,-71,13,-9,11,-1,1,-35,-126,-18,26,24,20,-14,-14
225243046,-49,28,6,-72,-11,25,-71,13,-9,11,-1,1,-40,-126,-18,26,24,20,-14,-14
228702068,-55,28,6,-72,-11,25,-71,13,-9,11,-1,1,-40,-126,-18,26,24,20,-14,-14
231239263,-55,28,6,-72,-11,25,-71,13,-9,11,-1,1,-40,-126,-18,26,24,20,-14,-14
231575939,-55,28,6,-72,-11,25,-73,13,-9,11,-1,1,-40,-126,-18,26,24,20,-14,-14
234102741,-55,28,6,-72,-11,25,-73,13,-9,11,-1,1,-40,-123,-18,26,24,20,-14,-14
235567657,-55,25,6,-72,-11,25,-73,13,-9,11,-1,1,-40,-123,-18,26,24,20,-14,-14
239485304,-55,21,6,-72,-11,25,-73,13,-9,11,-1,1,-40,-123,-18,26,24,20,-14,-14
239928915,-55,21,6,-72,-11,25,-73,13,-9,11,-1,1,-40,-123,-18,26,24,20,-14,-14
242592877,-55,21,6,-72,-11,15,-73,13,-9,11,-1,1,-40,-123,-18,26,24,17,-14,-14
244297254,-55,21,6,-72,-11,18,-73,13,-9,11,-1,1,-40,-123,-18,26,24,17,-14,-14
246579676,-55,21,6,-72,-11,18,-73,11,-9,11,-1,1,-40,-123,-18,26,24,17,-14,-14
248485929,-55,21,6,-72,-11,18,-73,11,-9,9,-1,1,-40,-123,-18,26,24,17,-14,-14
249857432,-55,21,6,-72,-11,18,-73,11,-9,9,-1,1,-40,-123,-18,26,24,17,-14,-14
250015186,-55,21,6,-72,-11,18,-73,11,-9,9,-1,-1,-40,-123,-18,26,24,17,-14,-14
251583678,-55,21,6,-72,-11,18,-73,11,-9,9,0,-1,-40,-123,-18,26,24,17,-14,-14
261804274,-55,21,6,-72,-11,18,-73,11,-7,9,0,-1,-40,-123,-18,26,24,17,-14,-14
263354591,-55,21,6,-72,-7,18,-73,11,-7,9,0,-1,-40,-123,-18,26,24,17,-14,-14
264622468,-55,21,6,-72,-7,18,-73,11,-7,9,0,-1,-40,-123,-18,26,24,17,-15,-16
265946541,-55,21,6,-72,-7,18,-73,11,-7,9,0,-1,-40,-123,-18,26,24,17,-15,-14
267383775,-55,21,6,-72,-7,18,-73,11,-7,9,0,-1,-40,-123,-23,26,24,17,-15,-14
270123818,-55,21,6,-72,-7,18,-73,11,-7,9,0,-1,-38,-123,-23,26,24,17,-15,-14
273418971,-47,21,6,-72,-7,18,-73,11,-7,9,0,-1,-38,-123,-23,26,24,17,-15,-14
277030424,-47,21,6,-68,-7,18,-73,11,-7,9,0,-1,-38,-123,-23,26,24,17,-15,-14
278940071,-47,21,6,-68,-7,18,-67,11,-7,9,0,-1,-38,-123,-23,26,24,17,-15,-14
280409617,-47,21,6,-68,-7,18,-67,11,-7,9,0,-1,-38,-132,-23,26,24,17,-15,-14
283061370,-47,21,6,-68,-7,18,-67,11,-7,9,0,-1,-38,-132,-23,25,24,17,-15,-14
286563281,-47,21,6,-68,-7,18,-67,11,-7,9,0,-1,-38,-132,-23,25,26,17,-15,-14
287272668,-47,21,6,-68,-7,18,-67,11,-7,9,0,-1,-38,-132,-23,25,26,17,-15,-14
288500226,-47,21,6,-68,-7,18,-67,11,-7,9,0,-1,-38,-132,-23,25,26,20,-15,-14
289286906,-47,21,6,-68,-7,19,-67,11,-7,9,0,-1,-38,-132,-23,25,26,20,-15,-14
292143306,-47,21,6,-68,-7,19,-67,15,-7,9,0,-1,-38,-132,-23,25,26,20,-15,-14
294433904,-47,21,6,-68,-7,19,-67,15,-7,12,0,-1,-38,-132,-23,25,26,20,-15,-14
296072150,-47,21,10,-68,-7,19,-67,15,-7,12,0,-1,-38,-132,-23,25,26,20,-15,-14
297945484,-47,21,10,-68,-7,19,-67,15,-7,12,-3,-2,-38,-132,-23,25,26,20,-15,-14
300027956,-47,21,10,-68,-7,19,-67,15,-7,12,0,-2,-38,-132,-23,25,26,20,-15,-14
301661774,-47,21,10,-68,-7,19,-67,15,0,12,0,-2,-38,-132,-23,25,26,20,-15,-14
303830065,-47,21,10,-68,-5,19,-67,15,0,12,0,-2,-38,-132,-23,25,26,20,-15,-14
305940968,-47,21,10,-68,-5,19,-67,15,0,12,0,-2,-38,-132,-23,25,26,20,-15,-5
307945802,-47,21,10,-68,-5,19,-67,15,0,12,0,-2,-38,-132,-23,25,26,20,-14,-5
314486195,-47,21,10,-68,-5,19,-67,15,0,12,0,-2,-38,-132,-21,25,26,20,-14,-5
318158022,-47,21,10,-68,-5,19,-67,15,0,12,0,-2,-35,-132,-21,25,26,20,-14,-5
320020523,-53,21,10,-68,-5,19,-67,15,0,12,0,-2,-35,-132,-21,25,26,20,-14,-5
327720834,-53,21,10,-71,-5,19,-67,15,0,12,0,-2,-35,-132,-21,25,26,20,-14,-5
333563309,-53,21,10,-71,-5,19,-66,15,0,12,0,-2,-35,-132,-21,25,26,20,-14,-5
335022182,-53,21,10,-71,-5,19,-66,15,0,12,0,-2,-35,-121,-21,25,26,20,-14,-5
337694380,-53,21,10,-71,-5,19,-66,15,0,12,0,-2,-35,-121,-21,24,26,20,-14,-5
340720939,-53,21,10,-71,-5,19,-66,15,0,12,0,-2,-35,-121,-21,24,26,20,-14,-5
341517129,-53,29,10,-71,-5,19,-66,15,0,12,0,-2,-35,-121,-21,24,26,20,-14,-5
342741137,-53,29,10,-71,-5,19,-66,15,0,12,0,-2,-35,-121,-21,24,26,19,-14,-5
344164404,-53,29,10,-71,-5,21,-66,15,0,12,0,-2,-35,-121,-21,24,26,19,-14,-5
349878368,-53,29,10,-71,-5,21,-66,16,0,12,0,-2,-35,-121,-21,24,26,19,-14,-5
353656966,-53,29,10,-71,-5,21,-66,16,0,16,0,-2,-35,-121,-21,24,26,19,-14,-5
358862526,-53,29,9,-71,-5,21,-66,16,0,16,0,-2,-35,-121,-21,24,26,19,-14,-5
359342013,-53,29,9,-71,-5,21,-66,16,0,16,0,-2,-35,-121,-21,24,26,19,-14,-5
365443194,-53,29,9,-71,-5,21,-66,16,10,16,0,-2,-35,-121,-21,24,26,19,-14,-5
367019180,-53,29,9,-71,-5,21,-66,16,10,16,0,5,-35,-121,-21,24,26,19,-14,-5
372745105,-53,29,9,-71,-3,21,-66,16,10,16,0,5,-35,-121,-21,24,26,19,-14,-5
377459900,-53,29,9,-71,-3,21,-66,16,10,16,0,5,-35,-121,-21,24,26,19,-14,-7
378884995,-53,29,9,-71,-3,21,-66,16,10,16,0,5,-35,-121,-21,24,26,19,-13,-7
379396564,-53,29,9,-71,-3,21,-66,16,10,16,0,5,-35,-121,-20,24,26,19,-13,-7
381322477,-53,29,9,-71,-3,21,-66,16,10,16,0,5,-36,-121,-20,24,26,19,-13,-7
392241188,-46,29,9,-59,-3,21,-66,16,10,16,0,5,-36,-121,-20,24,26,19,-13,-7
399173821,-46,29,9,-52,-3,21,-66,16,10,16,0,5,-36,-121,-20,24,26,19,-13,-7
407853739,-46,29,9,-52,-3,21,-58,16,10,16,0,5,-36,-121,-20,24,26,19,-13,-7
409945953,-46,29,9,-52,-3,21,-58,16,10,16,0,5,-36,-123,-20,24,26,19,-13,-7
417198578,-46,30,9,-52,-3,21,-58,16,10,16,0,5,-36,-123,-20,24,26,19,-13,-7
419670523,-46,30,9,-52,-3,21,-58,16,10,16,0,5,-36,-123,-20,24,35,19,-13,-7
421440663,-46,30,9,-52,-3,21,-58,16,10,16,0,5,-36,-123,-20,26,35,19,-13,-7
424513599,-46,30,9,-52,-3,22,-58,16,10,16,0,5,-36,-123,-20,26,35,19,-13,-7
426978411,-46,30,9,-52,-3,22,-58,16,10,16,0,5,-36,-123,-20,26,35,24,-13,-7
428650752,-46,30,9,-52,-3,22,-58,25,10,16,0,5,-36,-123,-20,26,35,24,-13,-7
436564782,-46,30,9,-52,-3,22,-58,25,10,15,0,5,-36,-123,-20,26,35,24,-13,-7
441452230,-46,30,11,-52,-3,22,-58,25,10,15,0,5,-36,-123,-20,26,35,24,-13,-7
446385493,-46,30,11,-52,-3,22,-58,25,10,15,0,12,-36,-123,-20,26,35,24,-13,-7
461225352,-46,30,11,-52,-3,22,-58,25,10,15,8,12,-36,-123,-20,26,35,24,-13,-7
473273275,-46,30,11,-52,-8,22,-58,25,10,15,8,12,-36,-123,-20,26,35,24,-13,-7
479538297,-46,30,11,-52,-8,22,-58,25,-10,15,8,12,-36,-123,-20,26,35,24,-13,-7
485085418,-46,30,11,-52,-8,22,-58,25,-10,15,8,12,-36,-123,-20,26,35,24,-13,-15
487978103,-46,30,11,-52,-8,22,-58,25,-10,15,8,12,-36,-123,-20,26,35,24,-14,-15
491412952,-46,30,11,-52,-8,22,-58,25,-10,15,8,12,-36,-123,-19,26,35,24,-14,-15
499629631,-46,30,11,-52,-8,22,-58,25,-10,15,8,12,-39,-123,-19,26,35,24,-14,-15
510597108,-44,30,11,-52,-8,22,-58,25,-10,15,8,12,-39,-123,-19,26,35,24,-14,-15
521349323,-44,30,11,-57,-8,22,-58,25,-10,15,8,12,-39,-123,-19,26,35,24,-14,-15
530179677,-44,30,11,-57,-8,22,-64,25,-10,15,8,12,-39,-123,-19,26,35,24,-14,-15
531453490,-44,30,11,-57,-8,22,-64,25,-10,15,8,12,-39,-121,-19,26,35,24,-14,-15
542705402,-44,30,11,-57,-8,22,-64,25,-10,15,8,12,-39,-121,-19,26,26,24,-14,-15
552799790,-44,23,11,-57,-8,22,-64,25,-10,15,8,12,-39,-121,-19,26,26,24,-14,-15
565242087,-44,23,11,-57,-8,22,-64,25,-10,15,8,12,-39,-121,-19,21,26,24,-14,-15
578557604,-44,23,11,-57,-8,22,-64,11,-10,15,8,12,-39,-121,-19,21,26,17,-14,-15
581489035,-44,23,11,-57,-8,15,-64,25,-10,15,8,12,-39,-121,-19,21,26,17,-14,-15
590496494,-44,23,11,-57,-8,15,-64,10,-10,15,8,12,-39,-121,-19,21,26,17,-14,-15
614485142,-44,23,11,-57,-8,15,-64,10,-10,6,8,12,-39,-121,-19,21,26,17,-14,-15
631836008,-44,23,0,-57,-8,15,-64,10,-10,6,8,12,-39,-121,-19,21,26,17,-14,-15
643496233,-44,23,0,-57,-8,15,-64,10,-10,6,-6,12,-39,-121,-19,21,26,17,-14,-15
652144892,-44,23,0,-57,-8,15,-64,10,-10,6,-6,-7,-39,-121,-19,21,26,17,-14,-15
660138077,-44,23,0,-57,-8,15,-64,10,-6,6,-6,-7,-39,-121,-19,21,26,17,-14,-15
667565584,-44,23,0,-57,-14,15,-64,10,-6,6,-6,-7,-39,-121,-19,21,26,17,-14,-15
672294285,-44,23,0,-57,-14,15,-64,10,-6,6,-6,-7,-39,-121,-19,21,26,17,-14,-10
677032130,-44,23,0,-57,-14,15,-64,10,-6,6,-6,-7,-39,-121,-19,21,26,17,-18,-10
682662169,-44,23,0,-57,-14,15,-64,10,-6,6,-6,-7,-39,-121,-19,21,26,17,-18,-10
686409258,-44,23,0,-57,-14,15,-64,10,-6,6,-6,-7,-37,-121,-19,21,26,17,-18,-10
692024595,-49,23,0,-57,-14,15,-64,10,-6,6,-6,-7,-37,-121,-19,21,26,17,-18,-10
697340018,-49,23,0,-51,-14,15,-64,10,-6,6,-6,-7,-37,-121,-19,21,26,17,-18,-10
707412641,-49,23,0,-51,-14,15,-75,10,-6,6,-6,-7,-37,-121,-19,21,26,17,-18,-10
718321303,-49,23,0,-51,-14,15,-75,10,-6,6,-6,-7,-37,-135,-19,21,26,17,-18,-10
736794144,-49,23,0,-51,-14,15,-75,10,-6,6,-6,-7,-37,-135,-19,21,34,17,-18,-10
739947642,-49,23,0,-51,-14,15,-75,10,-6,6,-6,-7,-37,-135,-19,21,34,17,-18,-10
742939077,-49,23,0,-51,-14,15,-75,10,-6,6,-6,-7,-37,-135,-19,29,34,17,-18,-10
748928030,-49,23,0,-51,-14,15,-75,10,-6,6,-6,-7,-37,-135,-19,29,34,24,-18,-10
758208227,-49,23,0,-51,-14,21,-75,10,-6,6,-6,-7,-37,-135,-19,29,34,24,-18,-10
763560511,-49,23,0,-51,-14,21,-75,18,-6,6,-6,-7,-37,-135,-19,29,34,24,-18,-10
766107600,-49,23,0,-51,-14,21,-75,18,-6,14,-6,-7,-37,-135,-19,29,34,24,-18,-10
769061969,-49,23,2,-51,-14,21,-75,18,-6,14,-6,-7,-37,-135,-19,29,34,24,-18,-10
783347227,-49,23,2,-51,-14,21,-75,18,-6,14,2,-7,-37,-135,-19,29,34,24,-18,-10
786799332,-49,23,2,-51,-14,21,-75,18,0,14,2,-7,-37,-135,-19,29,34,24,-18,-10
790093482,-49,23,2,-51,-14,21,-75,18,0,14,2,0,-37,-135,-19,29,34,24,-18,-10
795453324,-49,23,2,-51,-14,21,-75,18,0,14,2,0,-37,-135,-19,29,34,24,-18,-6
801569120,-49,23,2,-51,-3,21,-75,18,0,14,2,0,-37,-135,-19,29,34,24,-18,-6
806471657,-49,23,2,-51,-3,21,-75,18,0,14,2,0,-37,-135,-19,29,34,24,-2,-6
810609018,-49,23,2,-51,-3,21,-75,18,0,14,2,0,-37,-135,-15,29,34,24,-2,-6
819427799,-49,23,2,-51,-3,21,-75,18,0,14,2,0,-31,-135,-15,29,34,24,-2,-6
826118520,-41,23,2,-51,-3,21,-75,18,0,14,2,0,-31,-135,-15,29,34,24,-2,-6
848208932,-41,23,2,-56,-3,21,-75,18,0,14,2,0,-31,-135,-15,29,34,24,-2,-6
859301508,-41,23,2,-56,-3,21,-77,18,0,14,2,0,-31,-135,-15,29,34,24,-2,-6
862811344,-41,23,2,-56,-3,21,-77,18,0,14,2,0,-31,-120,-15,29,34,24,-2,-6
869863198,-41,23,2,-56,-3,21,-77,18,0,14,2,0,-31,-120,-15,27,34,24,-2,-6
880029613,-41,23,2,-56,-3,21,-77,18,0,14,2,0,-31,-120,-15,27,23,24,-2,-6
891011838,-41,22,2,-56,-3,21,-77,18,0,14,2,0,-31,-120,-15,27,23,24,-2,-6
894859424,-41,22,2,-56,-3,21,-77,18,0,14,2,0,-31,-120,-15,27,23,26,-2,-6
899867295,-41,22,2,-56,-3,22,-77,18,0,14,2,0,-31,-120,-15,27,23,26,-2,-6
904131250,-41,22,2,-56,-3,22,-77,18,0,14,2,0,-31,-120,-15,27,23,26,-2,-6
917197963,-41,22,2,-56,-3,22,-77,18,0,10,2,0,-31,-120,-15,27,23,26,-2,-6
928669225,-41,22,2,-56,-3,22,-77,18,0,10,2,0,-31,-120,-15,27,23,26,-2,-6
939600760,-41,22,2,-56,-3,22,-77,18,0,10,2,0,-31,-120,-15,27,23,26,-2,-6
957983291,-41,22,2,-56,-3,22,-77,18,0,10,-7,0,-31,-120,-15,27,23,26,-2,-6
967837135,-41,22,2,-56,-3,22,-77,18,-8,10,-7,0,-31,-120,-15,27,23,26,-2,-6
976386634,-41,22,2,-56,-8,22,-77,18,-8,10,-7,0,-31,-120,-15,27,23,26,-2,-6
999421950,-41,22,2,-56,-8,22,-77,18,-8,10,-7,0,-31,-120,-15,27,23,26,-2,-19
1018571683,-41,22,2,-56,-8,22,-77,18,-8,10,-7,0,-31,-120,-15,27,23,26,-15,-19
1025616631,-41,22,2,-56,-8,22,-77,18,-8,10,-7,0,-31,-120,-22,27,23,26,-15,-19
1036526845,-41,22,2,-56,-8,22,-77,18,-8,10,-7,0,-35,-120,-22,27,23,26,-15,-19
1048250651,-48,22,2,-56,-8,22,-77,18,-8,10,-7,0,-35,-120,-22,27,23,26,-15,-19
1079298123,-48,22,2,-60,-8,22,-77,18,-8,10,-7,0,-35,-120,-22,27,23,26,-15,-19
1088690023,-48,22,2,-60,-8,22,-77,18,-8,10,-7,0,-35,-120,-22,27,23,26,-15,-19
1090285700,-48,22,2,-60,-8,22,-77,18,-8,10,-7,0,-35,-133,-22,27,23,26,-15,-19
1110724873,-48,22,2,-60,-8,22,-77,18,-8,10,-7,0,-35,-133,-22,21,23,26,-15,-19
1128284660,-48,17,2,-60,-8,22,-77,18,-8,10,-7,0,-35,-133,-22,21,23,26,-15,-19
1132067557,-48,17,2,-60,-8,22,-77,18,-8,10,-7,0,-35,-133,-22,21,22,26,-15,-19
1148460279,-48,17,2,-60,-8,22,-77,18,-8,10,-7,0,-35,-133,-22,21,22,21,-15,-19
1157526047,-48,17,2,-60,-8,21,-77,18,-8,10,-7,0,-35,-133,-22,21,22,21,-15,-19
1161975766,-48,17,2,-60,-8,21,-77,14,-8,10,-7,0,-35,-133,-22,21,22,21,-15,-19
1203136821,-48,17,2,-60,-8,21,-77,14,-8,5,-7,0,-35,-133,-22,21,22,21,-15,-19
1211718387,-48,17,4,-60,-8,21,-77,14,-8,5,-7,0,-35,-133,-22,21,22,21,-15,-19
1216374723,-48,17,4,-60,-8,21,-77,14,-8,5,-7,0,-35,-133,-22,21,22,21,-15,-19
1221277555,-48,17,4,-60,-8,21,-77,14,-8,5,3,0,-35,-133,-22,21,22,21,-15,-19
1231725767,-48,17,4,-60,-8,21,-77,14,0,5,3,0,-35,-133,-22,21,22,21,-15,-19
1241368127,-48,17,4,-60,-2,21,-77,14,0,5,3,0,-35,-133,-22,21,22,21,-15,-19
1247496849,-48,17,4,-60,-2,21,-77,14,0,5,3,0,-35,-133,-22,21,22,21,-2,-19
1250035268,-48,17,4,-60,-2,21,-77,14,0,5,3,0,-35,-133,-22,21,22,21,-2,-7
1258883041,-48,17,4,-60,-2,21,-77,14,0,5,3,0,-35,-133,-14,21,22,21,-2,-7
1280484047,-48,17,4,-60,-2,21,-77,14,0,5,3,0,-31,-133,-14,21,22,21,-2,-7
1299987310,-49,17,4,-60,-2,21,-77,14,0,5,3,0,-31,-133,-14,21,22,21,-2,-7
1338973043,-49,17,4,-51,-2,21,-77,14,0,5,3,0,-31,-133,-14,21,22,21,-2,-7
1360947608,-49,17,4,-51,-2,21,-70,14,0,5,3,0,-31,-133,-14,21,22,21,-2,-7
1386697819,-49,17,4,-51,-2,21,-70,14,0,5,3,0,-31,-122,-14,21,22,21,-2,-7
1389216686,-49,17,4,-51,-2,21,-70,14,0,5,3,0,-31,-122,-14,26,22,21,-2,-7
1401224655,-49,17,4,-51,-2,24,-70,14,0,5,3,0,-31,-122,-14,26,19,21,-2,-7
1416826685,-49,17,4,-51,-2,24,-70,14,0,5,3,0,-31,-122,-14,26,23,20,-2,-7
1427124428,-49,17,4,-51,-2,24,-70,14,0,5,3,0,-31,-122,-14,26,23,19,-2,-7
1430593820,-49,29,4,-51,-2,24,-70,14,0,5,3,0,-31,-122,-14,26,23,19,-2,-7
1443082284,-49,29,4,-51,-2,24,-70,10,0,5,3,0,-31,-122,-14,26,23,19,-2,-7
1462713826,-49,29,4,-51,-2,24,-70,10,0,3,3,0,-31,-122,-14,26,23,19,-2,-7
1465847225,-49,29,4,-51,-2,24,-70,10,0,3,3,0,-31,-122,-14,26,23,19,-2,-7
1468904480,-49,29,4,-51,-2,24,-70,10,0,3,-1,0,-31,-122,-14,26,23,19,-2,-7
1485275583,-49,29,4,-51,-2,24,-70,10,0,3,3,0,-31,-122,-14,26,23,19,-2,-7
1492907888,-49,29,4,-51,-2,24,-70,10,0,3,-1,0,-31,-122,-14,26,23,19,-2,-7
1500760647,-49,29,4,-51,-10,24,-70,10,0,3,-1,0,-31,-122,-14,26,23,19,-6,-7
1511178750,-49,29,4,-51,-5,24,-70,10,0,3,-1,0,-31,-122,-14,26,23,19,-6,-7
1519680459,-49,29,4,-51,-5,24,-70,10,0,3,-1,0,-31,-122,-14,26,23,19,-6,-10
1549045719,-49,29,4,-51,-5,24,-70,10,0,3,-1,0,-31,-122,-23,26,23,19,-6,-10
1577275518,-49,29,4,-51,-5,24,-70,10,0,3,-1,0,-40,-122,-23,26,23,19,-6,-10
1583720056,-52,29,4,-51,-5,24,-70,10,0,3,-1,0,-40,-122,-23,26,23,19,-6,-10
1626309113,-52,29,4,-51,-5,24,-70,10,0,3,-1,0,-40,-122,-23,26,23,19,-6,-10
1649088371,-52,29,4,-51,-5,24,-75,10,0,3,-1,0,-40,-122,-23,26,23,19,-6,-10
1661726256,-52,29,4,-51,-5,24,-75,10,0,3,-1,0,-40,-133,-23,26,23,19,-6,-10
1668429037,-52,25,4,-51,-5,24,-75,10,0,3,-1,0,-40,-133,-23,25,23,19,-6,-10
1684394450,-52,22,4,-51,-5,24,-75,10,0,3,-1,0,-40,-133,-23,25,23,19,-6,-10
1690475881,-52,22,4,-51,-5,24,-75,10,0,3,-1,0,-40,-133,-23,25,22,19,-6,-10
1700551219,-52,22,4,-51,-5,24,-75,10,0,3,-1,0,-40,-133,-23,25,22,19,-6,-10
1713724254,-52,22,4,-51,-5,17,-75,10,0,3,-1,0,-40,-133,-23,25,22,19,-6,-10
1727523821,-52,22,4,-51,-5,17,-75,5,0,3,-1,0,-40,-133,-23,25,22,19,-6,-10
1738991793,-52,22,-1,-51,-5,17,-75,5,0,0,-1,0,-40,-133,-23,25,22,19,-6,-10
1753848802,-52,22,4,-51,-5,17,-75,5,0,0,0,0,-40,-133,-23,25,22,19,-6,-10
1767675781,-52,22,4,-51,-5,17,-75,5,0,0,0,0,-40,-133,-23,25,22,19,-6,-10
1772647588,-52,22,3,-51,-5,17,-75,5,0,0,0,0,-40,-133,-23,25,22,19,-6,-10
1779776524,-52,22,3,-51,-5,17,-75,5,0,0,0,0,-40,-133,-23,25,22,19,-6,-10
1788823011,-52,22,3,-51,-6,17,-75,5,0,0,0,0,-40,-133,-23,25,22,19,-6,-10
1804582816,-52,22,3,-51,-6,17,-75,5,0,0,0,0,-40,-133,-23,25,22,19,0,-10
1823654618,-52,22,3,-51,-6,17,-75,5,0,0,0,0,-40,-133,-23,25,22,19,0,-10
1839676861,-52,22,3,-51,-6,17,-75,5,0,0,0,0,-40,-133,-19,25,22,19,0,-10
1841819870,-52,22,3,-51,-6,17,-75,5,0,0,0,0,-38,-133,-19,25,22,19,0,-10
1847706748,-52,22,3,-51,-6,17,-75,5,0,0,0,0,-38,-133,-19,25,22,19,0,-10
1862601782,-52,22,3,-52,-6,17,-75,5,0,0,0,0,-38,-133,-19,25,22,19,0,-10
1873646313,-52,22,3,-52,-6,17,-74,5,0,0,0,0,-38,-133,-19,25,22,19,0,-10
1891646169,-52,22,3,-52,-6,17,-74,5,0,0,0,0,-38,-131,-19,25,22,19,0,-10
1922428007,-52,22,3,-52,-6,17,-74,5,0,0,0,0,-38,-131,-19,26,22,19,0,-10
1959392175,-52,18,3,-52,-6,17,-74,5,0,0,0,0,-38,-131,-19,26,22,19,0,-10
1982507953,-52,18,3,-52,-6,17,-74,5,0,0,0,0,-38,-131,-19,26,17,19,0,-10
1986823923,-52,18,3,-52,-6,17,-74,5,0,0,0,0,-38,-131,-19,26,17,18,0,-10
2006899882,-52,18,3,-52,-6,17,-74,5,0,0,0,0,-38,-131,-19,26,17,18,0,-10
2015157830,-52,18,3,-52,-6,17,-74,6,0,0,0,0,-38,-131,-19,26,17,18,0,-10
2025474680,-52,18,7,-52,-6,17,-74,6,0,0,0,0,-38,-131,-19,26,17,18,0,-10
2029691878,-52,18,7,-52,-6,17,-74,6,0,0,0,0,-38,-131,-19,26,17,18,0,-10
2036980829,-52,18,7,-52,-6,17,-74,6,0,0,0,0,-38,-131,-19,26,17,18,0,-10
2057530645,-52,18,7,-52,-6,17,-74,6,0,0,-4,0,-38,-131,-19,26,17,18,0,-10
2077508743,-52,18,7,-52,-5,17,-74,6,0,0,-7,0,-38,-131,-19,26,17,18,0,-10
2091187794,-52,18,7,-52,-5,17,-74,6,0,0,-4,0,-38,-131,-19,26,17,18,0,-10
2095006127,-52,18,7,-52,-5,17,-74,6,0,0,-4,0,-38,-131,-19,26,17,18,-9,-10
2141557717,-52,18,7,-52,-5,17,-74,6,0,0,-4,0,-38,-131,-19,26,17,18,-9,-17
2169732003,-52,18,7,-52,-5,17,-74,6,0,0,-4,0,-38,-131,-15,26,17,18,-9,-17
2178466164,-52,18,7,-52,-5,17,-74,6,0,0,-4,0,-33,-131,-15,26,17,18,-9,-17
2213174028,-50,18,7,-52,-5,17,-74,6,0,0,-4,0,-33,-131,-15,26,17,18,-9,-17
2223116422,-50,18,7,-55,-5,17,-74,6,0,0,-4,0,-33,-131,-15,26,17,18,-9,-17
2237393931,-50,18,7,-55,-5,17,-68,6,0,0,-4,0,-33,-131,-15,26,17,18,-9,-17
2244870954,-50,18,7,-55,-5,17,-68,6,0,0,-4,0,-33,-126,-15,26,17,18,-9,-17
2249609147,-50,18,7,-55,-5,17,-68,6,0,0,-4,0,-33,-126,-15,29,17,18,-9,-17
2287486955,-50,18,7,-55,-5,17,-68,6,0,0,-4,0,-33,-126,-15,29,20,18,-9,-17
2310980379,-50,23,7,-55,-5,17,-68,6,0,0,-4,0,-33,-126,-15,29,20,18,-9,-17
2332243452,-50,23,7,-55,-5,17,-68,6,0,0,-4,0,-33,-126,-15,29,20,18,-9,-17
2349433339,-50,23,7,-55,-5,23,-68,6,0,0,-4,0,-33,-126,-15,29,20,18,-9,-17
2370538147,-50,23,7,-55,-5,23,-68,10,0,0,-4,0,-33,-126,-15,29,20,18,-9,-17
2397247887,-50,23,6,-55,-5,23,-68,10,0,0,-4,0,-33,-126,-15,29,20,18,-9,-17
2419458375,-50,23,6,-55,-5,23,-68,10,0,6,-4,0,-33,-126,-15,29,20,18,-9,-17
2431117665,-50,23,6,-55,-5,23,-68,10,0,6,-4,0,-33,-126,-15,29,20,18,-9,-17
2433870544,-50,23,6,-55,-5,23,-68,10,0,6,-4,0,-33,-126,-15,29,20,18,-9,-17
2441764141,-50,23,6,-55,-5,23,-68,10,0,6,0,0,-33,-126,-15,29,20,18,-9,-17
2471469340,-50,23,6,-55,1,23,-68,10,0,6,0,0,-33,-126,-15,29,20,18,-9,-17
2484054249,-50,23,6,-55,1,23,-68,10,0,6,0,0,-33,-126,-15,29,20,18,-2,-17
2509743965,-50,23,6,-55,1,23,-68,10,0,6,0,0,-33,-126,-15,29,20,18,-2,-9
2538694306,-50,23,6,-55,1,23,-68,10,0,6,0,0,-33,-126,-19,29,20,18,-2,-9
2568587476,-50,23,6,-55,1,23,-68,10,0,6,0,0,-32,-126,-19,29,20,18,-2,-9
2574162434,-52,23,6,-55,1,23,-68,10,0,6,0,0,-32,-126,-19,29,20,18,-2,-9
2598445308,-52,23,6,-59,1,23,-68,10,0,6,0,0,-32,-126,-19,29,20,18,-2,-9
2623893417,-52,23,6,-59,1,23,-77,10,0,6,0,0,-32,-126,-19,29,20,18,-2,-9
2632140242,-52,23,6,-59,1,23,-77,10,0,6,0,0,-32,-133,-19,29,20,18,-2,-9
2665550876,-52,23,6,-59,1,23,-77,10,0,6,0,0,-32,-133,-19,28,20,18,-2,-9
2688849183,-52,19,6,-59,1,23,-77,10,0,6,0,0,-32,-133,-19,28,20,18,-2,-9
2716760219,-52,19,6,-59,1,23,-77,10,0,6,0,0,-32,-133,-19,28,19,18,-2,-9
2737843844,-52,19,6,-59,1,23,-77,10,0,6,0,0,-32,-133,-19,28,19,19,-2,-9
2765875090,-52,19,6,-59,1,22,-77,10,0,6,0,0,-32,-133,-19,28,19,19,-2,-9
2806790109,-52,19,6,-59,1,22,-77,4,0,6,0,0,-32,-133,-19,28,19,19,-2,-9
2860973137,-52,19,6,-59,1,22,-77,10,0,13,0,0,-32,-133,-19,28,19,19,-2,-9
2908721428,-52,19,6,-59,1,22,-77,4,0,13,0,0,-32,-133,-19,28,19,19,-2,-9
2932821422,-52,19,6,-59,1,22,-77,4,0,13,2,0,-32,-133,-19,28,19,19,-2,-9
2940521778,-52,19,6,-59,-1,22,-77,4,0,13,2,0,-32,-133,-19,28,19,19,-2,-9
2973350389,-52,19,6,-59,-2,22,-77,4,0,13,2,0,-32,-133,-19,28,19,19,-2,-9
3027873220,-52,19,6,-59,-2,22,-77,4,-4,13,2,0,-32,-133,-19,28,19,19,-2,-9
3043601572,-52,19,6,-59,-2,22,-77,4,-4,13,2,0,-32,-133,-19,28,19,19,-12,-9
3063867857,-52,19,6,-59,-2,22,-77,4,-4,13,2,0,-32,-133,-19,28,19,19,-12,-6
3088697016,-52,19,6,-59,-2,22,-77,4,-4,13,2,0,-32,-133,-8,28,19,19,-12,-6
3160170635,-52,19,6,-59,-2,22,-77,4,-4,13,2,0,-38,-133,-8,28,19,19,-12,-6
3219520478,-42,19,6,-59,-2,22,-77,4,-4,13,2,0,-38,-133,-8,28,19,19,-12,-6
3243288799,-42,19,6,-60,-2,22,-77,4,-4,13,2,0,-38,-133,-8,28,19,19,-12,-6
3273645282,-42,19,6,-60,-2,22,-66,4,-4,13,2,0,-38,-133,-8,28,19,19,-12,-6
3297807437,-42,19,6,-60,-2,22,-66,4,-4,13,2,0,-38,-120,-8,28,19,19,-12,-6
3310832066,-42,19,6,-60,-2,22,-66,4,-4,13,2,0,-38,-120,-8,28,19,19,-12,-6
3338996065,-42,19,6,-60,-2,22,-66,4,-4,13,2,0,-38,-120,-8,28,21,19,-12,-6
3361804293,-42,23,6,-60,-2,22,-66,4,-4,13,2,0,-38,-120,-8,28,21,19,-12,-6
3393661486,-42,23,6,-60,-2,22,-66,4,-4,13,2,0,-38,-120,-8,28,21,21,-12,-6
3421850081,-42,23,6,-60,-2,20,-66,4,-4,13,2,0,-38,-120,-8,28,21,21,-12,-6
3470998702,-42,23,6,-60,-2,20,-66,4,-4,11,2,0,-38,-120,-8,28,21,21,-12,-6
3502299092,-42,23,2,-60,-2,20,-66,6,-4,11,2,0,-38,-120,-8,28,21,21,-12,-6
3512128384,-42,23,4,-60,-2,20,-66,6,-4,11,2,0,-38,-120,-8,28,21,21,-12,-6
3525689998,-42,23,4,-60,-2,20,-66,6,-4,11,-1,0,-38,-120,-8,28,21,21,-12,-6
3601568567,-42,23,4,-60,-2,20,-66,6,0,11,2,0,-38,-120,-8,28,21,21,-12,-6
3609484451,-42,23,4,-60,-2,20,-66,6,0,11,1,0,-38,-120,-8,28,21,21,-12,-6
3628392824,-42,23,4,-60,-1,20,-66,6,0,11,1,0,-38,-120,-8,28,21,21,-12,-6
3661751532,-42,23,4,-60,-1,20,-66,6,0,11,1,0,-38,-120,-8,28,21,21,-12,-8
3686007201,-42,23,4,-60,-1,20,-66,6,0,11,1,0,-38,-120,-8,28,21,21,-11,-8
3725660194,-42,23,4,-60,-1,20,-66,6,0,11,1,0,-38,-120,-12,28,21,21,-11,-8
3734976605,-42,23,4,-60,-1,20,-66,6,0,11,1,0,-38,-120,-12,28,21,21,-11,-8
3765552381,-48,23,4,-60,-1,20,-66,6,0,11,1,0,-38,-120,-12,28,21,21,-11,-8
3801963940,-48,23,4,-47,-1,20,-66,6,0,11,1,0,-38,-120,-12,28,21,21,-11,-8
3872035482,-48,23,4,-47,-1,20,-66,6,0,11,1,0,-38,-120,-12,28,21,21,-11,-8
3972814319,-48,23,4,-47,-1,20,-66,6,0,11,1,0,-38,-112,-12,28,21,21,-11,-8
4025370210,-48,19,4,-47,-1,20,-66,6,0,11,1,0,-38,-112,-12,24,21,21,-11,-8
4051393791,-48,27,4,-47,-1,20,-66,6,0,11,1,0,-38,-112,-12,24,21,21,-11,-8
4074740663,-48,27,4,-47,-1,20,-66,6,0,11,1,0,-38,-112,-12,24,22,21,-11,-8
4153812589,-48,27,4,-47,-1,20,-66,6,0,11,1,0,-38,-112,-12,24,22,15,-11,-8
4184682925,-48,27,4,-47,-1,15,-66,6,0,11,1,0,-38,-112,-12,24,22,15,-11,-8
4234241739,-48,27,4,-47,-1,15,-66,11,0,11,1,0,-38,-112,-12,24,22,15,-11,-8
4289595430,-48,27,4,-47,-1,15,-66,11,0,10,1,0,-38,-112,-12,24,22,15,-11,-8
4323112334,-48,27,9,-47,-1,15,-66,11,0,10,1,0,-38,-112,-12,24,22,15,-11,-8
4360318958,-48,27,9,-47,-1,15,-66,11,0,10,7,0,-38,-112,-12,24,22,15,-11,-8
4378612382,-48,27,9,-47,-1,15,-66,11,0,10,7,0,-38,-112,-12,24,22,15,-11,-8
4396418505,-48,27,9,-47,-1,15,-66,11,0,10,7,0,-38,-112,-12,24,22,15,-11,-8
4414899149,-48,27,9,-47,0,15,-66,11,0,10,7,0,-38,-112,-12,24,22,15,-11,-8
4493757867,-48,27,9,-47,0,15,-66,11,0,10,7,0,-38,-112,-12,24,22,15,0,-8
4559115253,-48,27,9,-47,0,15,-66,11,0,10,7,0,-38,-112,-9,24,22,15,0,-8
4604187408,-48,27,9,-47,0,15,-66,11,0,10,7,0,-38,-112,-9,24,22,15,0,-14
4754700509,-48,27,9,-47,0,15,-66,11,0,10,7,0,-36,-112,-9,24,22,15,0,-14
4803990393,-43,27,9,-47,0,15,-66,11,0,10,7,0,-36,-112,-9,24,22,15,0,-14
4814661328,-43,27,9,-51,0,15,-66,11,0,10,7,0,-36,-112,-9,24,22,15,0,-14
4872064202,-43,27,9,-51,0,15,-67,11,0,10,7,0,-36,-112,-9,24,22,15,0,-14
4895096665,-43,27,9,-51,0,15,-67,11,0,10,7,0,-36,-117,-9,24,22,15,0,-14
4983725898,-43,27,9,-51,0,15,-67,11,0,10,7,0,-36,-117,-9,21,22,15,0,-14
5069738242,-43,23,9,-51,0,15,-67,11,0,10,7,0,-36,-117,-9,21,22,15,0,-14
5154740371,-43,23,9,-51,0,15,-67,11,0,10,7,0,-36,-117,-9,21,20,15,0,-14
5235607725,-43,23,9,-51,0,15,-67,11,0,10,7,0,-36,-117,-9,21,20,13,0,-14
5303395295,-43,23,9,-51,0,14,-67,11,0,10,7,0,-36,-117,-9,21,20,13,0,-14
5374976968,-43,23,9,-51,0,14,-67,5,0,10,7,0,-36,-117,-9,21,20,13,0,-14
5498985934,-43,23,5,-51,0,14,-67,5,0,10,7,0,-36,-117,-9,21,20,13,0,-14
5596217395,-43,23,5,-51,0,14,-67,5,0,-2,7,0,-36,-117,-9,21,20,13,0,-14
5634721353,-43,23,5,-51,0,14,-67,5,0,3,7,0,-36,-117,-9,21,20,13,0,-14
5656501005,-43,23,5,-51,0,14,-67,5,0,3,-1,0,-36,-117,-9,21,20,13,0,-14
5691090952,-43,23,5,-51,0,14,-67,5,0,3,9,0,-36,-117,-9,21,20,13,0,-14
5701773878,-43,23,5,-51,0,14,-67,5,0,3,9,0,-36,-117,-9,21,20,13,0,-14
5780853804,-43,23,5,-51,0,14,-67,5,-4,3,9,0,-36,-117,-9,21,20,13,0,-14
5849274932,-43,23,5,-51,0,14,-67,5,-4,3,9,0,-36,-117,-16,21,20,13,0,-14
5863175733,-43,23,5,-51,0,14,-67,5,-4,3,9,0,-36,-117,-16,21,20,13,0,-9
5936185062,-43,23,5,-51,0,14,-67,5,-4,3,9,0,-37,-117,-16,21,20,13,0,-9
6038720794,-54,23,5,-58,0,14,-67,5,-4,3,9,0,-37,-117,-16,21,20,13,0,-9
6047974469,-54,23,5,-51,0,14,-67,5,-4,3,9,0,-37,-117,-16,21,20,13,0,-9
6174900029,-54,23,5,-51,0,14,-55,5,-4,3,9,0,-37,-117,-16,21,20,13,0,-9
6280458535,-54,23,5,-51,0,14,-55,5,-4,3,9,0,-37,-111,-16,21,20,13,0,-9
6312392332,-54,21,5,-51,0,14,-55,5,-4,3,9,0,-37,-111,-16,23,20,13,0,-9
6333612247,-54,22,5,-51,0,14,-55,5,-4,3,9,0,-37,-111,-16,23,20,13,0,-9
6367708430,-54,22,5,-51,0,14,-55,5,-4,3,9,0,-37,-111,-16,23,23,13,0,-9
6398640837,-54,22,5,-51,0,12,-55,5,-4,3,9,0,-37,-111,-16,23,23,13,0,-9
6454686974,-54,22,5,-51,0,12,-55,5,-4,3,9,0,-37,-111,-16,23,23,16,0,-9
6536121355,-54,22,5,-51,0,12,-55,5,-4,3,9,0,-37,-111,-16,23,23,16,0,-9
6556199612,-54,22,5,-51,0,12,-55,11,-4,3,9,0,-37,-111,-16,23,23,16,0,-9
6619481608,-54,22,5,-51,0,12,-55,11,-4,5,9,0,-37,-111,-16,23,23,16,0,-9
6654557886,-54,22,5,-51,0,12,-55,11,-4,5,6,0,-37,-111,-16,23,23,16,0,-9
6735858490,-54,22,5,-51,0,12,-55,11,-4,5,6,9,-37,-111,-16,23,23,16,0,-9
6808768276,-54,22,5,-51,3,12,-55,11,-4,5,6,9,-37,-111,-16,23,23,16,0,-9
6838649724,-54,22,5,-51,3,12,-55,11,0,5,6,9,-37,-111,-16,23,23,16,0,-9
6890166647,-54,22,5,-51,3,12,-55,11,0,5,6,9,-37,-111,-16,23,23,16,0,-3
6918973279,-54,22,5,-51,3,12,-55,11,0,5,6,9,-37,-111,-16,23,23,16,0,-3
6940771798,-54,22,5,-51,3,12,-55,11,0,5,6,9,-37,-111,-14,23,23,16,0,-3
6979660893,-54,22,5,-51,3,12,-55,11,0,5,6,9,-36,-111,-14,23,23,16,0,-3
7045774551,-54,22,5,-46,3,12,-55,11,0,5,6,9,-36,-111,-14,23,23,16,0,-3
7089562571,-49,22,5,-46,3,12,-55,11,0,5,6,9,-36,-111,-14,23,23,16,0,-3
7117498747,-49,22,5,-46,3,12,-60,11,0,5,6,9,-36,-111,-14,23,23,16,0,-3
7186295221,-49,22,5,-46,3,12,-60,11,0,5,6,9,-36,-125,-14,23,23,16,0,-3
7339009929,-49,22,5,-46,3,12,-60,11,0,5,6,9,-36,-125,-14,23,16,16,0,-3
7354906844,-49,22,5,-46,3,12,-60,11,0,5,6,9,-36,-125,-14,16,16,16,0,-3
7399077908,-49,18,5,-46,3,12,-60,11,0,5,6,9,-36,-125,-14,16,16,16,0,-3
7463070385,-49,18,5,-46,3,12,-60,11,0,5,6,9,-36,-125,-14,16,16,15,0,-3
7503356731,-49,18,5,-46,3,11,-60,11,0,5,6,9,-36,-125,-14,16,16,15,0,-3
7735810311,-49,18,5,-46,3,11,-60,6,0,5,6,9,-36,-125,-14,16,16,15,0,-3
7919204890,-49,18,6,-46,3,11,-60,6,0,5,6,9,-36,-125,-14,16,16,15,0,-3
8016153813,-49,18,6,-46,3,11,-60,6,0,5,5,9,-36,-125,-14,16,16,15,0,-3
8113181221,-49,18,6,-46,3,11,-60,6,0,5,5,9,-36,-125,-14,16,16,15,0,-3
8223965172,-49,18,6,-46,3,11,-60,6,0,3,5,9,-36,-125,-14,16,16,15,0,-3
8303098811,-49,18,6,-46,1,11,-60,6,0,3,5,9,-36,-125,-14,16,16,15,0,-3
8332309547,-49,18,6,-46,1,11,-60,6,0,3,5,0,-36,-125,-14,16,16,15,0,-3
8381288898,-49,18,6,-46,1,11,-60,6,0,3,5,0,-36,-125,-14,16,16,15,0,-3
8537831576,-49,18,6,-46,1,11,-60,6,0,3,5,0,-36,-125,-14,16,16,15,0,-4
8653572647,-49,18,6,-46,1,11,-60,6,0,3,5,0,-36,-125,-12,16,16,15,0,-4
8709362963,-49,18,6,-46,1,11,-60,6,0,3,5,0,-32,-125,-12,16,16,15,0,-4
8888560279,-53,18,6,-46,1,11,-60,6,0,3,5,0,-32,-125,-12,16,16,15,0,-4
8966853451,-53,18,6,-49,1,11,-60,6,0,3,5,0,-32,-125,-12,16,16,15,0,-4
9215649207,-53,18,6,-49,1,11,-57,6,0,3,5,0,-32,-125,-12,16,16,15,0,-4
9331616382,-53,18,6,-49,1,11,-57,6,0,3,5,0,-32,-128,-12,16,16,15,0,-4
9361333801,-53,16,6,-49,1,11,-57,6,0,3,5,0,-32,-128,-12,21,16,15,0,-4
9429454558,-53,21,6,-49,1,11,-57,6,0,3,5,0,-32,-128,-12,21,16,15,0,-4
9443929447,-53,21,6,-49,1,11,-57,6,0,3,5,0,-32,-128,-12,21,21,15,0,-4
9473289204,-53,21,6,-49,1,11,-57,6,0,3,5,0,-32,-128,-12,21,21,15,0,-4
9755187170,-53,21,6,-49,1,15,-57,6,0,3,5,0,-32,-128,-12,21,21,15,0,-4
9794112752,-53,21,9,-49,1,15,-57,6,0,3,5,0,-32,-128,-12,21,21,15,0,-4
9805979562,-53,21,9,-49,1,15,-57,6,0,3,5,0,-32,-128,-12,21,21,15,0,-4
10037559458,-53,21,9,-49,1,15,-57,6,0,3,5,7,-32,-128,-12,21,21,15,0,-4
10085404606,-53,21,9,-49,1,15,-57,6,0,3,5,7,-32,-128,-12,21,21,15,0,-4
10107558613,-53,21,9,-49,1,15,-57,6,0,6,5,7,-32,-128,-12,21,21,15,0,-4
10186621148,-53,21,9,-49,2,15,-57,6,0,6,5,7,-32,-128,-12,21,21,15,0,-4
10199670030,-53,21,9,-49,2,15,-57,6,0,6,5,7,-32,-128,-12,21,21,15,0,-4
10276616926,-53,21,9,-49,2,15,-57,6,0,6,5,7,-32,-128,-12,21,21,15,0,-7
10334120640,-53,21,9,-49,2,15,-57,6,0,6,5,7,-32,-128,-12,21,21,15,0,-7
10618326845,-53,21,9,-49,2,15,-57,6,0,6,5,7,-32,-128,-21,21,21,15,0,-7
10930929743,-53,21,9,-49,2,15,-57,6,0,6,5,7,-44,-128,-21,21,21,15,0,-7
11025811425,-43,21,9,-49,2,15,-57,6,0,6,5,7,-44,-128,-21,21,21,15,0,-7
11070339588,-43,21,9,-50,2,15,-57,6,0,6,5,7,-44,-128,-21,21,21,15,0,-7
11232412848,-43,21,9,-50,2,15,-73,6,0,6,5,7,-44,-128,-21,21,21,15,0,-7
11289053045,-43,21,9,-50,2,15,-73,6,0,6,5,7,-44,-135,-21,21,21,15,0,-7
11592401459,-43,17,9,-50,2,15,-73,6,0,6,5,7,-44,-135,-21,21,21,15,0,-7
11678092566,-43,17,9,-50,2,15,-73,6,0,6,5,7,-44,-135,-21,21,17,15,0,-7
11769579212,-43,17,9,-50,2,15,-73,6,0,6,5,7,-44,-135,-21,17,17,15,0,-7
11943467565,-43,17,9,-50,2,15,-73,6,0,6,5,7,-44,-135,-21,17,17,12,0,-7
11978705366,-43,17,9,-50,2,15,-73,6,0,6,5,7,-44,-135,-21,17,17,12,0,-7
12135863360,-43,17,9,-50,2,15,-73,6,0,6,5,7,-44,-135,-21,17,17,12,0,-7
12145189743,-43,17,4,-50,2,15,-73,6,0,6,5,7,-44,-135,-21,17,17,12,0,-7
12281050143,-43,17,4,-50,2,15,-73,6,0,7,5,7,-44,-135,-21,17,17,12,0,-7
12352006948,-43,17,4,-50,2,15,-73,6,0,7,5,-1,-44,-135,-21,17,17,12,0,-7
12454070829,-43,17,4,-50,2,15,-73,6,0,7,5,0,-44,-135,-21,17,17,12,0,-7
12539860030,-43,17,4,-50,2,15,-73,6,0,7,6,0,-44,-135,-21,17,17,12,0,-7
12580310281,-43,17,4,-50,0,15,-73,6,0,7,6,0,-44,-135,-21,17,17,12,0,-7
12634367248,-43,17,4,-50,0,15,-73,6,0,7,6,0,-44,-135,-21,17,17,12,0,-7
12662430705,-43,17,4,-50,0,15,-73,6,0,7,6,0,-44,-135,-21,17,17,12,0,-3
12861870363,-43,17,4,-50,0,15,-73,6,0,7,6,0,-44,-135,-24,17,17,12,0,-3
13145142369,-43,17,4,-50,0,15,-73,6,0,7,6,0,-48,-135,-24,17,17,12,0,-3
13394834909,-49,17,4,-50,0,15,-73,6,0,7,6,0,-48,-135,-24,17,17,12,0,-3
13559536087,-49,17,4,-55,0,15,-73,6,0,7,6,0,-48,-135,-24,17,17,12,0,-3
13711131156,-49,17,4,-55,0,15,-69,6,0,7,6,0,-48,-135,-24,17,17,12,0,-3
14059298190,-49,17,4,-55,0,15,-69,6,0,7,6,0,-48,-138,-24,17,17,12,0,-3
14189234206,-49,17,4,-55,0,15,-69,6,0,7,6,0,-48,-138,-24,17,17,12,0,-3
14465689738,-49,18,4,-55,0,15,-69,6,0,7,6,0,-48,-138,-24,17,17,12,0,-3
14569493637,-49,18,4,-55,0,15,-69,6,0,7,6,0,-48,-138,-24,17,15,12,0,-3
14662042732,-49,18,4,-55,0,19,-69,6,0,7,6,0,-48,-138,-24,17,15,12,0,-3
14680985611,-49,18,4,-55,0,19,-69,6,0,7,6,0,-48,-138,-24,17,15,21,0,-3
14795072549,-49,18,4,-55,0,19,-69,14,0,7,6,0,-48,-138,-24,17,15,21,0,-3
14983520918,-49,18,4,-55,0,19,-69,14,0,7,10,0,-48,-138,-24,17,15,21,0,-3
15136220411,-49,18,1,-55,0,19,-69,14,0,1,10,0,-48,-138,-24,17,15,21,0,-3
15221838497,-49,18,1,-55,0,19,-69,14,0,0,10,0,-48,-138,-24,17,15,21,0,-3
15232131264,-49,18,1,-55,0,19,-69,14,0,0,10,0,-48,-138,-24,17,15,21,0,-3
15275513706,-49,18,1,-55,-1,19,-69,14,0,0,10,0,-48,-138,-24,17,15,21,0,-3
15439963571,-49,18,1,-55,0,19,-69,14,0,0,10,0,-48,-138,-24,17,15,21,0,-3
15625906833,-49,18,1,-55,0,19,-69,14,0,0,10,0,-48,-138,-24,17,15,21,-11,-6
15699754731,-49,18,1,-55,0,19,-69,14,0,0,10,0,-48,-138,-24,17,15,21,-8,-6
15753649322,-49,18,1,-55,0,19,-69,14,0,0,10,0,-48,-138,-24,17,15,21,-8,-6
16028363191,-49,18,1,-55,0,19,-69,14,0,0,10,0,-35,-138,-24,17,15,21,-8,-6
16324410895,-53,18,1,-55,0,19,-69,14,0,0,10,0,-35,-138,-24,17,15,21,-8,-6
16453968886,-53,18,1,-58,0,19,-69,14,0,0,10,0,-35,-138,-24,17,15,21,-8,-6
16703937885,-53,18,1,-58,0,19,-72,14,0,0,10,0,-35,-138,-24,17,15,21,-8,-6
16890613686,-53,18,1,-58,0,19,-72,14,0,0,10,0,-35,-136,-24,17,15,21,-8,-6
17309518508,-53,13,1,-58,0,19,-72,14,0,0,10,0,-35,-136,-24,19,15,21,-8,-6
17355442222,-53,14,1,-58,0,19,-72,14,0,0,10,0,-35,-136,-24,19,15,21,-8,-6
17418471867,-53,14,1,-58,0,19,-72,14,0,0,10,0,-35,-136,-24,19,21,21,-8,-6
17592428831,-53,14,1,-58,0,19,-72,14,0,0,10,0,-35,-136,-24,19,21,17,-8,-6
17667002274,-53,14,1,-58,0,16,-72,14,0,0,10,0,-35,-136,-24,19,21,17,-8,-6
18218792832,-53,14,1,-58,0,16,-72,12,0,0,10,0,-35,-136,-24,19,21,17,-8,-6
18313670263,-53,14,1,-58,0,16,-72,12,0,0,10,0,-35,-136,-24,19,21,17,-8,-6
18461907094,-53,14,4,-58,0,16,-72,12,0,0,10,0,-35,-136,-24,19,21,17,-8,-6
18529076371,-53,14,4,-58,0,16,-72,12,0,0,10,0,-35,-136,-24,19,21,17,-8,-6
18539444770,-53,14,4,-58,0,16,-72,12,0,0,10,0,-35,-136,-24,19,21,17,-8,-6
18598644190,-53,14,4,-58,0,16,-72,12,0,0,10,0,-35,-136,-24,19,21,17,-8,-6
18613503552,-53,14,4,-58,0,16,-72,12,0,0,10,0,-35,-136,-24,19,21,17,-8,-6
18835657020,-53,14,4,-58,0,16,-72,12,0,0,10,0,-35,-136,-24,19,21,17,-12,-6
18882269021,-53,14,4,-58,0,16,-72,12,0,0,10,0,-35,-136,-24,19,21,17,-12,-9
19209222281,-53,14,4,-58,0,16,-72,12,0,0,10,0,-35,-136,-15,19,21,17,-12,-9
19541713127,-53,14,4,-58,0,16,-72,12,0,0,10,0,-41,-136,-15,19,21,17,-12,-9
19967769821,-51,14,4,-58,0,16,-72,12,0,0,10,0,-41,-136,-15,19,21,17,-12,-9
20127080297,-51,14,4,-46,0,16,-72,12,0,0,10,0,-41,-136,-15,19,21,17,-12,-9
20283656098,-51,14,4,-46,0,16,-70,12,0,0,10,0,-41,-136,-15,19,21,17,-12,-9
20847308513,-51,14,4,-46,0,16,-70,12,0,0,10,0,-41,-140,-15,19,21,17,-12,-9
21021818052,-51,14,4,-46,0,16,-70,12,0,0,10,0,-41,-140,-15,19,16,17,-12,-9
21233629141,-51,14,4,-46,0,16,-70,12,0,0,10,0,-41,-140,-15,19,23,17,-12,-9
21348378519,-51,14,4,-46,0,16,-70,12,0,0,10,0,-41,-140,-15,19,23,17,-12,-9
21564028388,-51,14,4,-46,0,16,-70,12,0,0,10,0,-41,-140,-15,19,23,17,-12,-9
21601952874,-51,15,4,-46,0,16,-70,12,0,0,10,0,-41,-140,-15,19,23,17,-12,-9
22065300315,-51,15,4,-46,0,16,-70,12,0,0,6,0,-41,-140,-15,19,23,17,-12,-9
22111283334,-51,15,4,-46,0,16,-70,8,0,0,6,0,-41,-140,-15,19,23,17,-12,-9
22378903433,-51,15,4,-46,0,16,-70,8,0,2,6,0,-41,-140,-15,19,23,17,-12,-9
22440653852,-51,15,-2,-46,0,16,-70,8,0,2,6,0,-41,-140,-15,19,23,17,-12,-9
22460387821,-51,15,-2,-46,0,16,-70,8,0,2,6,0,-41,-140,-15,19,23,17,-12,-9
22818114194,-51,15,-8,-46,0,16,-70,8,0,2,6,0,-41,-140,-15,19,23,17,-12,-9
23088893982,-51,15,-6,-46,0,16,-70,8,0,2,6,0,-41,-140,-15,19,23,17,-12,-9
23302252339,-51,15,-6,-46,0,16,-70,8,0,2,6,0,-41,-140,-15,19,23,17,-12,-9
23453014905,-51,15,-6,-46,0,16,-70,8,0,2,6,0,-41,-140,-15,19,23,17,-15,-9
24032860772,-51,15,-6,-46,0,16,-70,8,0,2,6,0,-41,-140,-25,19,23,17,-15,-9
24266039718,-51,15,-6,-46,0,16,-70,8,0,2,6,0,-38,-140,-25,19,23,17,-15,-9
24501500971,-55,15,-6,-46,0,16,-70,8,0,2,6,0,-38,-140,-25,19,23,17,-15,-9
25045815472,-55,15,-6,-61,0,16,-70,8,0,2,6,0,-38,-140,-25,19,23,17,-15,-9
25217091784,-55,15,-6,-61,0,16,-75,8,0,2,6,0,-38,-140,-25,19,23,17,-15,-9
25395893194,-55,15,-6,-61,0,16,-75,8,0,2,6,0,-38,-124,-25,19,23,17,-15,-9
25890116515,-55,15,-6,-61,0,16,-75,8,0,2,6,0,-38,-124,-25,21,23,17,-15,-9
26185369278,-55,15,-6,-61,0,16,-75,8,0,2,6,0,-38,-124,-25,21,14,11,-15,-9
26534151233,-55,13,-6,-61,0,16,-75,8,0,2,6,0,-38,-124,-25,21,14,17,-15,-9
26674025360,-55,13,-6,-61,0,16,-75,8,0,2,6,0,-38,-124,-25,21,14,10,-15,-9
26774900058,-55,13,-6,-61,0,16,-75,8,0,2,6,0,-38,-124,-25,21,14,10,-15,-9
27114948570,-55,13,-6,-61,0,16,-75,7,0,2,6,0,-38,-124,-25,21,14,10,-15,-9
27361662022,-55,13,-6,-61,0,16,-75,7,0,7,6,0,-38,-124,-25,21,14,10,-15,-9
27483013838,-55,13,-6,-61,0,16,-75,7,0,7,4,0,-38,-124,-25,21,14,10,-15,-9
27531197502,-55,13,-6,-61,0,16,-75,7,0,7,4,0,-38,-124,-25,21,14,10,-15,-9
27681009789,-55,13,-6,-61,0,16,-75,7,0,7,4,0,-38,-124,-25,21,14,10,-15,-9
27751425264,-55,13,-6,-61,0,16,-75,7,0,7,4,0,-38,-124,-25,21,14,10,-15,-9
27779741920,-55,13,0,-61,0,16,-75,7,0,7,4,0,-38,-124,-25,21,14,10,-15,-9
27992214977,-55,13,0,-61,0,16,-75,7,0,7,4,0,-38,-124,-25,21,14,10,-15,-8
28250463229,-55,13,0,-61,0,16,-75,7,0,7,4,0,-38,-124,-25,21,14,10,-6,-8
28467177333,-55,13,0,-61,0,16,-75,7,0,7,4,0,-38,-124,-25,21,14,10,-6,-8
29090085372,-55,13,0,-61,0,16,-75,7,0,7,4,0,-36,-124,-25,21,14,10,-6,-8
29405557806,-52,13,0,-61,0,16,-75,7,0,7,4,0,-36,-124,-25,21,14,10,-6,-8
29681423310,-52,13,0,-53,0,16,-75,7,0,7,4,0,-36,-124,-25,21,14,10,-6,-8
30059895098,-52,13,0,-53,0,16,-78,7,0,7,4,0,-36,-124,-25,21,14,10,-6,-8
30253340688,-52,13,0,-53,0,16,-78,7,0,7,4,0,-36,-125,-25,21,14,10,-6,-8
30695700549,-52,13,0,-53,0,16,-78,7,0,7,4,0,-36,-125,-25,19,14,10,-6,-8
31723444361,-52,15,0,-53,0,16,-78,7,0,7,4,0,-36,-125,-25,19,14,10,-6,-8
31925650512,-52,15,0,-53,0,15,-78,7,0,7,4,0,-36,-125,-25,19,14,10,-6,-8
31945965280,-52,15,0,-53,0,15,-78,7,0,7,4,0,-36,-125,-25,19,17,10,-6,-8
31982499380,-52,15,0,-53,0,15,-78,7,0,7,4,0,-36,-125,-25,19,17,14,-6,-8
32404448269,-52,15,0,-53,0,15,-78,7,0,7,4,0,-36,-125,-25,19,17,14,-6,-8
32863310479,-52,15,0,-53,0,15,-78,7,0,5,4,0,-36,-125,-25,19,17,14,-6,-8
33029099202,-52,15,0,-53,0,15,-78,7,0,5,-1,0,-36,-125,-25,19,17,14,-6,-8
33394763127,-52,15,0,-53,0,15,-78,7,0,5,4,0,-36,-125,-25,19,17,14,-6,-8
33541652157,-52,15,0,-53,0,15,-78,7,0,5,3,0,-36,-125,-25,19,17,14,-6,-8
33882889195,-52,15,-4,-53,0,15,-78,7,0,5,3,0,-36,-125,-25,19,17,14,-6,-8
34309894517,-52,15,-4,-53,0,15,-78,7,-7,5,3,0,-36,-125,-25,19,17,14,-6,-8
34675597796,-52,15,-4,-53,0,15,-78,7,-7,5,3,0,-36,-125,-25,19,17,14,-6,-10
34802432547,-52,15,-4,-53,0,15,-78,7,-7,5,3,0,-36,-125,-25,19,17,14,-7,-10
35272998255,-52,15,-4,-53,0,15,-78,7,-7,5,3,0,-36,-125,-23,19,17,14,-7,-10
35610402816,-52,15,-4,-53,0,15,-78,7,-7,5,3,0,-35,-125,-23,19,17,14,-7,-10
36085369699,-52,15,-4,-54,0,15,-78,7,-7,5,3,0,-35,-125,-23,19,17,14,-7,-10
36211184381,-50,15,-4,-54,0,15,-78,7,-7,5,3,0,-35,-125,-23,19,17,14,-7,-10
36754240504,-50,15,-4,-54,0,15,-69,7,-7,5,3,0,-35,-125,-23,19,17,14,-7,-10
37002121336,-50,15,-4,-54,0,15,-69,7,-7,5,3,0,-35,-133,-23,19,17,14,-7,-10
37886101932,-50,15,-4,-54,0,15,-69,7,-7,5,3,0,-35,-133,-23,22,17,14,-7,-10
38394576110,-50,15,-4,-54,0,15,-69,7,-7,5,3,0,-35,-133,-23,22,21,14,-7,-10
38651153021,-50,19,-4,-54,0,15,-69,7,-7,5,3,0,-35,-133,-23,22,21,14,-7,-10
39096354722,-50,19,-4,-54,0,17,-69,7,-7,5,3,0,-35,-133,-23,22,21,14,-7,-10
39430779434,-50,19,-4,-54,0,17,-69,7,-7,5,3,0,-35,-133,-23,22,21,21,-7,-10
39986328042,-50,19,-4,-54,0,17,-69,6,-7,5,3,0,-35,-133,-23,22,21,21,-7,-10
40661075377,-50,19,-4,-54,0,17,-69,6,-7,8,3,0,-35,-133,-23,22,21,21,-7,-10
40896994516,-50,19,-4,-54,0,17,-69,6,-7,8,-1,0,-35,-133,-23,22,21,21,-7,-10
41106441715,-50,19,-4,-54,0,17,-69,6,-7,8,5,0,-35,-133,-23,22,21,21,-7,-10
42313331665,-50,19,-4,-54,0,17,-69,6,-7,8,5,0,-35,-133,-23,22,21,21,-7,-10
42657726142,-50,19,-5,-54,0,17,-69,6,-7,8,5,0,-35,-133,-23,22,21,21,-7,-10
44230512168,-50,19,-5,-54,0,17,-69,6,-7,8,5,0,-35,-133,-23,22,21,21,-7,-5
45046663374,-50,19,-5,-54,0,17,-69,6,-8,8,5,0,-35,-133,-23,22,21,21,-7,-5
45290524505,-50,19,-5,-54,0,17,-69,6,-8,8,5,0,-35,-133,-23,22,21,21,-9,-5
45708376464,-50,19,-5,-54,0,17,-69,6,-8,8,5,0,-35,-133,-25,22,21,21,-9,-5
46855461201,-50,19,-5,-54,0,17,-69,6,-8,8,5,0,-40,-133,-25,22,21,21,-9,-5
47221436350,-46,19,-5,-54,0,17,-69,6,-8,8,5,0,-40,-133,-25,22,21,21,-9,-5
47815953008,-46,19,-5,-51,0,17,-69,6,-8,8,5,0,-40,-133,-25,22,21,21,-9,-5
48670510219,-46,19,-5,-51,0,17,-75,6,-8,8,5,0,-40,-133,-25,22,21,21,-9,-5
48792018049,-46,19,-5,-51,0,17,-75,6,-8,8,5,0,-40,-137,-25,22,21,21,-9,-5
